Algorithm,Dimension,Size,Distribution,Run,ExecutionTime(ms),MemoryUsage(MB),IsCorrect
CLOSEST_PAIR_NAIVE,TWO_D,1000,UNIFORM,1,7,0.48,true
CLOSEST_PAIR_NAIVE,TWO_D,1000,UNIFORM,2,8,0.12,true
CLOSEST_PAIR_NAIVE,TWO_D,1000,UNIFORM,3,8,0.50,true
CLOSEST_PAIR_NAIVE,THREE_D,1000,UNIFORM,1,3,0.30,true
CLOSEST_PAIR_NAIVE,THREE_D,1000,UNIFORM,2,5,0.30,true
CLOSEST_PAIR_NAIVE,THREE_D,1000,UNIFORM,3,1,0.30,true
CLOSEST_PAIR_EFFICIENT,TWO_D,1000,UNIFORM,1,8,0.47,true
CLOSEST_PAIR_EFFICIENT,TWO_D,1000,UNIFORM,2,3,0.60,true
CLOSEST_PAIR_EFFICIENT,TWO_D,1000,UNIFORM,3,2,0.60,true
CLOSEST_PAIR_EFFICIENT,THREE_D,1000,UNIFORM,1,6,0.61,true
CLOSEST_PAIR_EFFICIENT,THREE_D,1000,UNIFORM,2,7,0.81,true
CLOSEST_PAIR_EFFICIENT,THREE_D,1000,UNIFORM,3,4,0.64,true
CLOSEST_PAIR_KDTREE,TWO_D,1000,UNIFORM,1,11,0.79,true
CLOSEST_PAIR_KDTREE,TWO_D,1000,UNIFORM,2,4,1.72,true
CLOSEST_PAIR_KDTREE,TWO_D,1000,UNIFORM,3,5,1.80,true
CLOSEST_PAIR_KDTREE,THREE_D,1000,UNIFORM,1,20,4.67,true
CLOSEST_PAIR_KDTREE,THREE_D,1000,UNIFORM,2,6,3.43,true
CLOSEST_PAIR_KDTREE,THREE_D,1000,UNIFORM,3,7,2.83,true
CLOSEST_PAIR_ADAPTIVE,TWO_D,1000,UNIFORM,1,3,5.50,true
CLOSEST_PAIR_ADAPTIVE,TWO_D,1000,UNIFORM,2,4,5.30,true
CLOSEST_PAIR_ADAPTIVE,TWO_D,1000,UNIFORM,3,4,5.32,true
CLOSEST_PAIR_ADAPTIVE,THREE_D,1000,UNIFORM,1,4,8.00,true
CLOSEST_PAIR_ADAPTIVE,THREE_D,1000,UNIFORM,2,6,8.48,true
CLOSEST_PAIR_ADAPTIVE,THREE_D,1000,UNIFORM,3,4,8.15,true
DIAMETER_NAIVE,TWO_D,1000,UNIFORM,1,14,0.39,true
DIAMETER_NAIVE,TWO_D,1000,UNIFORM,2,8,0.26,true
DIAMETER_NAIVE,TWO_D,1000,UNIFORM,3,8,0.45,true
DIAMETER_NAIVE,THREE_D,1000,UNIFORM,1,7,0.41,true
DIAMETER_NAIVE,THREE_D,1000,UNIFORM,2,1,0.14,true
DIAMETER_NAIVE,THREE_D,1000,UNIFORM,3,1,0.19,true
DIAMETER_CONCURRENT,TWO_D,1000,UNIFORM,1,31,1.21,true
DIAMETER_CONCURRENT,TWO_D,1000,UNIFORM,2,26,0.61,true
DIAMETER_CONCURRENT,TWO_D,1000,UNIFORM,3,17,0.17,true
DIAMETER_CONCURRENT,THREE_D,1000,UNIFORM,1,13,0.19,true
DIAMETER_CONCURRENT,THREE_D,1000,UNIFORM,2,7,0.21,true
DIAMETER_CONCURRENT,THREE_D,1000,UNIFORM,3,2,0.21,true
DIAMETER_QUICKHULL,TWO_D,1000,UNIFORM,1,3,0.67,true
DIAMETER_QUICKHULL,TWO_D,1000,UNIFORM,2,1,0.70,true
DIAMETER_QUICKHULL,TWO_D,1000,UNIFORM,3,0,0.61,true
DIAMETER_QUICKHULL,THREE_D,1000,UNIFORM,1,8,0.44,false
DIAMETER_QUICKHULL,THREE_D,1000,UNIFORM,2,2,0.31,false
DIAMETER_QUICKHULL,THREE_D,1000,UNIFORM,3,1,0.32,false
CLOSEST_PAIR_NAIVE,TWO_D,1000,GAUSSIAN,1,7,0.13,true
CLOSEST_PAIR_NAIVE,TWO_D,1000,GAUSSIAN,2,6,0.13,true
CLOSEST_PAIR_NAIVE,TWO_D,1000,GAUSSIAN,3,7,0.13,true
CLOSEST_PAIR_NAIVE,THREE_D,1000,GAUSSIAN,1,0,0.13,true
CLOSEST_PAIR_NAIVE,THREE_D,1000,GAUSSIAN,2,0,0.13,true
CLOSEST_PAIR_NAIVE,THREE_D,1000,GAUSSIAN,3,0,0.13,true
CLOSEST_PAIR_EFFICIENT,TWO_D,1000,GAUSSIAN,1,2,1.32,true
CLOSEST_PAIR_EFFICIENT,TWO_D,1000,GAUSSIAN,2,1,1.16,true
CLOSEST_PAIR_EFFICIENT,TWO_D,1000,GAUSSIAN,3,1,1.32,true
CLOSEST_PAIR_EFFICIENT,THREE_D,1000,GAUSSIAN,1,5,0.94,true
CLOSEST_PAIR_EFFICIENT,THREE_D,1000,GAUSSIAN,2,1,1.16,true
CLOSEST_PAIR_EFFICIENT,THREE_D,1000,GAUSSIAN,3,1,1.32,true
CLOSEST_PAIR_KDTREE,TWO_D,1000,GAUSSIAN,1,3,5.13,true
CLOSEST_PAIR_KDTREE,TWO_D,1000,GAUSSIAN,2,3,5.13,true
CLOSEST_PAIR_KDTREE,TWO_D,1000,GAUSSIAN,3,3,5.13,true
CLOSEST_PAIR_KDTREE,THREE_D,1000,GAUSSIAN,1,4,0.58,true
CLOSEST_PAIR_KDTREE,THREE_D,1000,GAUSSIAN,2,4,8.48,true
CLOSEST_PAIR_KDTREE,THREE_D,1000,GAUSSIAN,3,4,8.49,true
CLOSEST_PAIR_ADAPTIVE,TWO_D,1000,GAUSSIAN,1,3,5.16,true
CLOSEST_PAIR_ADAPTIVE,TWO_D,1000,GAUSSIAN,2,3,5.16,true
CLOSEST_PAIR_ADAPTIVE,TWO_D,1000,GAUSSIAN,3,3,5.16,true
CLOSEST_PAIR_ADAPTIVE,THREE_D,1000,GAUSSIAN,1,4,8.46,true
CLOSEST_PAIR_ADAPTIVE,THREE_D,1000,GAUSSIAN,2,4,8.48,true
CLOSEST_PAIR_ADAPTIVE,THREE_D,1000,GAUSSIAN,3,5,8.49,true
DIAMETER_NAIVE,TWO_D,1000,GAUSSIAN,1,7,0.16,true
DIAMETER_NAIVE,TWO_D,1000,GAUSSIAN,2,7,0.16,true
DIAMETER_NAIVE,TWO_D,1000,GAUSSIAN,3,7,0.16,true
DIAMETER_NAIVE,THREE_D,1000,GAUSSIAN,1,0,0.16,true
DIAMETER_NAIVE,THREE_D,1000,GAUSSIAN,2,1,0.16,true
DIAMETER_NAIVE,THREE_D,1000,GAUSSIAN,3,1,0.16,true
DIAMETER_CONCURRENT,TWO_D,1000,GAUSSIAN,1,16,0.34,true
DIAMETER_CONCURRENT,TWO_D,1000,GAUSSIAN,2,15,0.34,true
DIAMETER_CONCURRENT,TWO_D,1000,GAUSSIAN,3,16,0.34,true
DIAMETER_CONCURRENT,THREE_D,1000,GAUSSIAN,1,1,0.34,true
DIAMETER_CONCURRENT,THREE_D,1000,GAUSSIAN,2,1,0.34,true
DIAMETER_CONCURRENT,THREE_D,1000,GAUSSIAN,3,1,0.34,true
DIAMETER_QUICKHULL,TWO_D,1000,GAUSSIAN,1,0,0.43,true
DIAMETER_QUICKHULL,TWO_D,1000,GAUSSIAN,2,0,0.25,true
DIAMETER_QUICKHULL,TWO_D,1000,GAUSSIAN,3,0,0.25,true
DIAMETER_QUICKHULL,THREE_D,1000,GAUSSIAN,1,0,0.42,false
DIAMETER_QUICKHULL,THREE_D,1000,GAUSSIAN,2,0,0.42,false
DIAMETER_QUICKHULL,THREE_D,1000,GAUSSIAN,3,0,0.51,false
CLOSEST_PAIR_NAIVE,TWO_D,1000,EXPONENTIAL,1,6,0.16,true
CLOSEST_PAIR_NAIVE,TWO_D,1000,EXPONENTIAL,2,6,0.16,true
CLOSEST_PAIR_NAIVE,TWO_D,1000,EXPONENTIAL,3,6,0.16,true
CLOSEST_PAIR_NAIVE,THREE_D,1000,EXPONENTIAL,1,0,0.16,true
CLOSEST_PAIR_NAIVE,THREE_D,1000,EXPONENTIAL,2,0,0.16,true
CLOSEST_PAIR_NAIVE,THREE_D,1000,EXPONENTIAL,3,0,0.16,true
CLOSEST_PAIR_EFFICIENT,TWO_D,1000,EXPONENTIAL,1,1,1.36,true
CLOSEST_PAIR_EFFICIENT,TWO_D,1000,EXPONENTIAL,2,1,0.80,true
CLOSEST_PAIR_EFFICIENT,TWO_D,1000,EXPONENTIAL,3,1,0.71,true
CLOSEST_PAIR_EFFICIENT,THREE_D,1000,EXPONENTIAL,1,1,0.71,true
CLOSEST_PAIR_EFFICIENT,THREE_D,1000,EXPONENTIAL,2,1,0.80,true
CLOSEST_PAIR_EFFICIENT,THREE_D,1000,EXPONENTIAL,3,2,0.89,true
CLOSEST_PAIR_KDTREE,TWO_D,1000,EXPONENTIAL,1,5,4.82,true
CLOSEST_PAIR_KDTREE,TWO_D,1000,EXPONENTIAL,2,7,4.83,true
CLOSEST_PAIR_KDTREE,TWO_D,1000,EXPONENTIAL,3,5,4.84,true
CLOSEST_PAIR_KDTREE,THREE_D,1000,EXPONENTIAL,1,3,7.51,true
CLOSEST_PAIR_KDTREE,THREE_D,1000,EXPONENTIAL,2,3,7.51,true
CLOSEST_PAIR_KDTREE,THREE_D,1000,EXPONENTIAL,3,3,7.50,true
CLOSEST_PAIR_ADAPTIVE,TWO_D,1000,EXPONENTIAL,1,2,4.84,true
CLOSEST_PAIR_ADAPTIVE,TWO_D,1000,EXPONENTIAL,2,2,4.84,true
CLOSEST_PAIR_ADAPTIVE,TWO_D,1000,EXPONENTIAL,3,2,4.85,true
CLOSEST_PAIR_ADAPTIVE,THREE_D,1000,EXPONENTIAL,1,2,7.51,true
CLOSEST_PAIR_ADAPTIVE,THREE_D,1000,EXPONENTIAL,2,3,7.51,true
CLOSEST_PAIR_ADAPTIVE,THREE_D,1000,EXPONENTIAL,3,3,7.50,true
DIAMETER_NAIVE,TWO_D,1000,EXPONENTIAL,1,8,0.17,true
DIAMETER_NAIVE,TWO_D,1000,EXPONENTIAL,2,6,0.17,true
DIAMETER_NAIVE,TWO_D,1000,EXPONENTIAL,3,6,0.17,true
DIAMETER_NAIVE,THREE_D,1000,EXPONENTIAL,1,1,0.17,true
DIAMETER_NAIVE,THREE_D,1000,EXPONENTIAL,2,1,0.17,true
DIAMETER_NAIVE,THREE_D,1000,EXPONENTIAL,3,1,0.17,true
DIAMETER_CONCURRENT,TWO_D,1000,EXPONENTIAL,1,16,0.35,true
DIAMETER_CONCURRENT,TWO_D,1000,EXPONENTIAL,2,16,0.35,true
DIAMETER_CONCURRENT,TWO_D,1000,EXPONENTIAL,3,16,0.35,true
DIAMETER_CONCURRENT,THREE_D,1000,EXPONENTIAL,1,1,0.35,true
DIAMETER_CONCURRENT,THREE_D,1000,EXPONENTIAL,2,1,0.35,true
DIAMETER_CONCURRENT,THREE_D,1000,EXPONENTIAL,3,1,0.35,true
DIAMETER_QUICKHULL,TWO_D,1000,EXPONENTIAL,1,0,0.35,true
DIAMETER_QUICKHULL,TWO_D,1000,EXPONENTIAL,2,0,0.26,true
DIAMETER_QUICKHULL,TWO_D,1000,EXPONENTIAL,3,0,0.26,true
DIAMETER_QUICKHULL,THREE_D,1000,EXPONENTIAL,1,1,0.43,false
DIAMETER_QUICKHULL,THREE_D,1000,EXPONENTIAL,2,0,0.43,false
DIAMETER_QUICKHULL,THREE_D,1000,EXPONENTIAL,3,0,0.52,false
CLOSEST_PAIR_NAIVE,TWO_D,1000,LOG_NORMAL,1,7,0.17,true
CLOSEST_PAIR_NAIVE,TWO_D,1000,LOG_NORMAL,2,6,0.17,true
CLOSEST_PAIR_NAIVE,TWO_D,1000,LOG_NORMAL,3,7,0.17,true
CLOSEST_PAIR_NAIVE,THREE_D,1000,LOG_NORMAL,1,0,0.17,true
CLOSEST_PAIR_NAIVE,THREE_D,1000,LOG_NORMAL,2,0,0.17,true
CLOSEST_PAIR_NAIVE,THREE_D,1000,LOG_NORMAL,3,1,0.17,true
CLOSEST_PAIR_EFFICIENT,TWO_D,1000,LOG_NORMAL,1,1,1.36,true
CLOSEST_PAIR_EFFICIENT,TWO_D,1000,LOG_NORMAL,2,1,1.54,true
CLOSEST_PAIR_EFFICIENT,TWO_D,1000,LOG_NORMAL,3,1,0.80,true
CLOSEST_PAIR_EFFICIENT,THREE_D,1000,LOG_NORMAL,1,2,0.71,true
CLOSEST_PAIR_EFFICIENT,THREE_D,1000,LOG_NORMAL,2,2,1.00,true
CLOSEST_PAIR_EFFICIENT,THREE_D,1000,LOG_NORMAL,3,4,0.92,true
CLOSEST_PAIR_KDTREE,TWO_D,1000,LOG_NORMAL,1,3,5.00,true
CLOSEST_PAIR_KDTREE,TWO_D,1000,LOG_NORMAL,2,3,5.00,true
CLOSEST_PAIR_KDTREE,TWO_D,1000,LOG_NORMAL,3,3,5.00,true
CLOSEST_PAIR_KDTREE,THREE_D,1000,LOG_NORMAL,1,3,8.00,true
CLOSEST_PAIR_KDTREE,THREE_D,1000,LOG_NORMAL,2,3,8.00,true
CLOSEST_PAIR_KDTREE,THREE_D,1000,LOG_NORMAL,3,4,8.00,true
CLOSEST_PAIR_ADAPTIVE,TWO_D,1000,LOG_NORMAL,1,3,4.88,true
CLOSEST_PAIR_ADAPTIVE,TWO_D,1000,LOG_NORMAL,2,3,4.88,true
CLOSEST_PAIR_ADAPTIVE,TWO_D,1000,LOG_NORMAL,3,3,5.00,true
CLOSEST_PAIR_ADAPTIVE,THREE_D,1000,LOG_NORMAL,1,3,8.00,true
CLOSEST_PAIR_ADAPTIVE,THREE_D,1000,LOG_NORMAL,2,3,8.00,true
CLOSEST_PAIR_ADAPTIVE,THREE_D,1000,LOG_NORMAL,3,3,8.00,true
DIAMETER_NAIVE,TWO_D,1000,LOG_NORMAL,1,7,0.18,true
DIAMETER_NAIVE,TWO_D,1000,LOG_NORMAL,2,7,0.18,true
DIAMETER_NAIVE,TWO_D,1000,LOG_NORMAL,3,7,0.18,true
DIAMETER_NAIVE,THREE_D,1000,LOG_NORMAL,1,1,0.18,true
DIAMETER_NAIVE,THREE_D,1000,LOG_NORMAL,2,1,0.18,true
DIAMETER_NAIVE,THREE_D,1000,LOG_NORMAL,3,1,0.18,true
DIAMETER_CONCURRENT,TWO_D,1000,LOG_NORMAL,1,16,0.36,true
DIAMETER_CONCURRENT,TWO_D,1000,LOG_NORMAL,2,16,0.36,true
DIAMETER_CONCURRENT,TWO_D,1000,LOG_NORMAL,3,16,0.36,true
DIAMETER_CONCURRENT,THREE_D,1000,LOG_NORMAL,1,1,0.36,true
DIAMETER_CONCURRENT,THREE_D,1000,LOG_NORMAL,2,1,0.36,true
DIAMETER_CONCURRENT,THREE_D,1000,LOG_NORMAL,3,1,0.36,true
DIAMETER_QUICKHULL,TWO_D,1000,LOG_NORMAL,1,0,0.45,true
DIAMETER_QUICKHULL,TWO_D,1000,LOG_NORMAL,2,0,0.36,true
DIAMETER_QUICKHULL,TWO_D,1000,LOG_NORMAL,3,0,0.45,true
DIAMETER_QUICKHULL,THREE_D,1000,LOG_NORMAL,1,0,0.24,false
DIAMETER_QUICKHULL,THREE_D,1000,LOG_NORMAL,2,1,0.27,false
DIAMETER_QUICKHULL,THREE_D,1000,LOG_NORMAL,3,0,0.27,false
CLOSEST_PAIR_NAIVE,TWO_D,1000,RAYLEIGH,1,7,0.18,true
CLOSEST_PAIR_NAIVE,TWO_D,1000,RAYLEIGH,2,7,0.18,true
CLOSEST_PAIR_NAIVE,TWO_D,1000,RAYLEIGH,3,6,0.18,true
CLOSEST_PAIR_NAIVE,THREE_D,1000,RAYLEIGH,1,0,0.18,true
CLOSEST_PAIR_NAIVE,THREE_D,1000,RAYLEIGH,2,0,0.18,true
CLOSEST_PAIR_NAIVE,THREE_D,1000,RAYLEIGH,3,0,0.18,true
CLOSEST_PAIR_EFFICIENT,TWO_D,1000,RAYLEIGH,1,2,1.54,true
CLOSEST_PAIR_EFFICIENT,TWO_D,1000,RAYLEIGH,2,2,0.90,true
CLOSEST_PAIR_EFFICIENT,TWO_D,1000,RAYLEIGH,3,2,0.72,true
CLOSEST_PAIR_EFFICIENT,THREE_D,1000,RAYLEIGH,1,2,0.90,true
CLOSEST_PAIR_EFFICIENT,THREE_D,1000,RAYLEIGH,2,2,0.90,true
CLOSEST_PAIR_EFFICIENT,THREE_D,1000,RAYLEIGH,3,1,0.72,true
CLOSEST_PAIR_KDTREE,TWO_D,1000,RAYLEIGH,1,3,5.00,true
CLOSEST_PAIR_KDTREE,TWO_D,1000,RAYLEIGH,2,2,5.00,true
CLOSEST_PAIR_KDTREE,TWO_D,1000,RAYLEIGH,3,2,5.00,true
CLOSEST_PAIR_KDTREE,THREE_D,1000,RAYLEIGH,1,3,8.00,true
CLOSEST_PAIR_KDTREE,THREE_D,1000,RAYLEIGH,2,3,8.00,true
CLOSEST_PAIR_KDTREE,THREE_D,1000,RAYLEIGH,3,3,8.00,true
CLOSEST_PAIR_ADAPTIVE,TWO_D,1000,RAYLEIGH,1,3,5.00,true
CLOSEST_PAIR_ADAPTIVE,TWO_D,1000,RAYLEIGH,2,2,5.00,true
CLOSEST_PAIR_ADAPTIVE,TWO_D,1000,RAYLEIGH,3,2,5.00,true
CLOSEST_PAIR_ADAPTIVE,THREE_D,1000,RAYLEIGH,1,3,8.00,true
CLOSEST_PAIR_ADAPTIVE,THREE_D,1000,RAYLEIGH,2,4,8.00,true
CLOSEST_PAIR_ADAPTIVE,THREE_D,1000,RAYLEIGH,3,3,8.00,true
DIAMETER_NAIVE,TWO_D,1000,RAYLEIGH,1,7,0.18,true
DIAMETER_NAIVE,TWO_D,1000,RAYLEIGH,2,7,0.18,true
DIAMETER_NAIVE,TWO_D,1000,RAYLEIGH,3,7,0.18,true
DIAMETER_NAIVE,THREE_D,1000,RAYLEIGH,1,1,0.18,true
DIAMETER_NAIVE,THREE_D,1000,RAYLEIGH,2,1,0.18,true
DIAMETER_NAIVE,THREE_D,1000,RAYLEIGH,3,1,0.18,true
DIAMETER_CONCURRENT,TWO_D,1000,RAYLEIGH,1,17,0.36,true
DIAMETER_CONCURRENT,TWO_D,1000,RAYLEIGH,2,16,0.36,true
DIAMETER_CONCURRENT,TWO_D,1000,RAYLEIGH,3,16,0.36,true
DIAMETER_CONCURRENT,THREE_D,1000,RAYLEIGH,1,1,0.36,true
DIAMETER_CONCURRENT,THREE_D,1000,RAYLEIGH,2,1,0.36,true
DIAMETER_CONCURRENT,THREE_D,1000,RAYLEIGH,3,1,0.36,true
DIAMETER_QUICKHULL,TWO_D,1000,RAYLEIGH,1,0,0.36,true
DIAMETER_QUICKHULL,TWO_D,1000,RAYLEIGH,2,0,0.45,true
DIAMETER_QUICKHULL,TWO_D,1000,RAYLEIGH,3,0,0.45,true
DIAMETER_QUICKHULL,THREE_D,1000,RAYLEIGH,1,0,0.41,false
DIAMETER_QUICKHULL,THREE_D,1000,RAYLEIGH,2,0,0.44,false
DIAMETER_QUICKHULL,THREE_D,1000,RAYLEIGH,3,0,0.44,false
CLOSEST_PAIR_NAIVE,TWO_D,2000,UNIFORM,1,30,0.17,true
CLOSEST_PAIR_NAIVE,TWO_D,2000,UNIFORM,2,30,0.17,true
CLOSEST_PAIR_NAIVE,TWO_D,2000,UNIFORM,3,29,0.17,true
CLOSEST_PAIR_NAIVE,THREE_D,2000,UNIFORM,1,2,0.17,true
CLOSEST_PAIR_NAIVE,THREE_D,2000,UNIFORM,2,2,0.17,true
CLOSEST_PAIR_NAIVE,THREE_D,2000,UNIFORM,3,2,0.17,true
CLOSEST_PAIR_EFFICIENT,TWO_D,2000,UNIFORM,1,3,1.54,true
CLOSEST_PAIR_EFFICIENT,TWO_D,2000,UNIFORM,2,4,1.54,true
CLOSEST_PAIR_EFFICIENT,TWO_D,2000,UNIFORM,3,3,0.68,true
CLOSEST_PAIR_EFFICIENT,THREE_D,2000,UNIFORM,1,5,1.00,true
CLOSEST_PAIR_EFFICIENT,THREE_D,2000,UNIFORM,2,4,1.00,true
CLOSEST_PAIR_EFFICIENT,THREE_D,2000,UNIFORM,3,5,1.09,true
CLOSEST_PAIR_KDTREE,TWO_D,2000,UNIFORM,1,5,2.22,true
CLOSEST_PAIR_KDTREE,TWO_D,2000,UNIFORM,2,5,1.25,true
CLOSEST_PAIR_KDTREE,TWO_D,2000,UNIFORM,3,6,1.25,true
CLOSEST_PAIR_KDTREE,THREE_D,2000,UNIFORM,1,8,7.07,true
CLOSEST_PAIR_KDTREE,THREE_D,2000,UNIFORM,2,8,6.06,true
CLOSEST_PAIR_KDTREE,THREE_D,2000,UNIFORM,3,8,6.05,true
CLOSEST_PAIR_ADAPTIVE,TWO_D,2000,UNIFORM,1,7,0.57,true
CLOSEST_PAIR_ADAPTIVE,TWO_D,2000,UNIFORM,2,7,0.31,true
CLOSEST_PAIR_ADAPTIVE,TWO_D,2000,UNIFORM,3,6,11.24,true
CLOSEST_PAIR_ADAPTIVE,THREE_D,2000,UNIFORM,1,7,5.07,true
CLOSEST_PAIR_ADAPTIVE,THREE_D,2000,UNIFORM,2,7,6.05,true
CLOSEST_PAIR_ADAPTIVE,THREE_D,2000,UNIFORM,3,7,5.07,true
DIAMETER_NAIVE,TWO_D,2000,UNIFORM,1,30,0.22,true
DIAMETER_NAIVE,TWO_D,2000,UNIFORM,2,31,0.22,true
DIAMETER_NAIVE,TWO_D,2000,UNIFORM,3,30,0.22,true
DIAMETER_NAIVE,THREE_D,2000,UNIFORM,1,2,0.22,true
DIAMETER_NAIVE,THREE_D,2000,UNIFORM,2,2,0.22,true
DIAMETER_NAIVE,THREE_D,2000,UNIFORM,3,2,0.22,true
DIAMETER_CONCURRENT,TWO_D,2000,UNIFORM,1,69,0.46,true
DIAMETER_CONCURRENT,TWO_D,2000,UNIFORM,2,67,0.46,true
DIAMETER_CONCURRENT,TWO_D,2000,UNIFORM,3,67,0.46,true
DIAMETER_CONCURRENT,THREE_D,2000,UNIFORM,1,4,0.46,true
DIAMETER_CONCURRENT,THREE_D,2000,UNIFORM,2,4,0.46,true
DIAMETER_CONCURRENT,THREE_D,2000,UNIFORM,3,4,0.46,true
DIAMETER_QUICKHULL,TWO_D,2000,UNIFORM,1,0,0.58,true
DIAMETER_QUICKHULL,TWO_D,2000,UNIFORM,2,0,0.34,true
DIAMETER_QUICKHULL,TWO_D,2000,UNIFORM,3,0,0.46,true
DIAMETER_QUICKHULL,THREE_D,2000,UNIFORM,1,1,0.57,false
DIAMETER_QUICKHULL,THREE_D,2000,UNIFORM,2,1,0.57,false
DIAMETER_QUICKHULL,THREE_D,2000,UNIFORM,3,1,0.57,false
CLOSEST_PAIR_NAIVE,TWO_D,2000,GAUSSIAN,1,27,0.22,true
CLOSEST_PAIR_NAIVE,TWO_D,2000,GAUSSIAN,2,27,0.22,true
CLOSEST_PAIR_NAIVE,TWO_D,2000,GAUSSIAN,3,28,0.22,true
CLOSEST_PAIR_NAIVE,THREE_D,2000,GAUSSIAN,1,2,0.22,true
CLOSEST_PAIR_NAIVE,THREE_D,2000,GAUSSIAN,2,2,0.22,true
CLOSEST_PAIR_NAIVE,THREE_D,2000,GAUSSIAN,3,2,0.22,true
CLOSEST_PAIR_EFFICIENT,TWO_D,2000,GAUSSIAN,1,2,1.96,true
CLOSEST_PAIR_EFFICIENT,TWO_D,2000,GAUSSIAN,2,2,1.96,true
CLOSEST_PAIR_EFFICIENT,TWO_D,2000,GAUSSIAN,3,1,1.96,true
CLOSEST_PAIR_EFFICIENT,THREE_D,2000,GAUSSIAN,1,2,1.36,true
CLOSEST_PAIR_EFFICIENT,THREE_D,2000,GAUSSIAN,2,2,2.24,true
CLOSEST_PAIR_EFFICIENT,THREE_D,2000,GAUSSIAN,3,1,1.12,true
CLOSEST_PAIR_KDTREE,TWO_D,2000,GAUSSIAN,1,6,11.45,true
CLOSEST_PAIR_KDTREE,TWO_D,2000,GAUSSIAN,2,6,11.45,true
CLOSEST_PAIR_KDTREE,TWO_D,2000,GAUSSIAN,3,6,11.45,true
CLOSEST_PAIR_KDTREE,THREE_D,2000,GAUSSIAN,1,8,6.91,true
CLOSEST_PAIR_KDTREE,THREE_D,2000,GAUSSIAN,2,7,6.92,true
CLOSEST_PAIR_KDTREE,THREE_D,2000,GAUSSIAN,3,7,6.92,true
CLOSEST_PAIR_ADAPTIVE,TWO_D,2000,GAUSSIAN,1,6,11.50,true
CLOSEST_PAIR_ADAPTIVE,TWO_D,2000,GAUSSIAN,2,5,11.46,true
CLOSEST_PAIR_ADAPTIVE,TWO_D,2000,GAUSSIAN,3,5,11.46,true
CLOSEST_PAIR_ADAPTIVE,THREE_D,2000,GAUSSIAN,1,7,6.92,true
CLOSEST_PAIR_ADAPTIVE,THREE_D,2000,GAUSSIAN,2,7,6.92,true
CLOSEST_PAIR_ADAPTIVE,THREE_D,2000,GAUSSIAN,3,7,6.93,true
DIAMETER_NAIVE,TWO_D,2000,GAUSSIAN,1,29,0.23,true
DIAMETER_NAIVE,TWO_D,2000,GAUSSIAN,2,29,0.23,true
DIAMETER_NAIVE,TWO_D,2000,GAUSSIAN,3,29,0.23,true
DIAMETER_NAIVE,THREE_D,2000,GAUSSIAN,1,1,0.23,true
DIAMETER_NAIVE,THREE_D,2000,GAUSSIAN,2,1,0.23,true
DIAMETER_NAIVE,THREE_D,2000,GAUSSIAN,3,1,0.23,true
DIAMETER_CONCURRENT,TWO_D,2000,GAUSSIAN,1,64,0.47,true
DIAMETER_CONCURRENT,TWO_D,2000,GAUSSIAN,2,65,0.55,true
DIAMETER_CONCURRENT,TWO_D,2000,GAUSSIAN,3,65,0.35,true
DIAMETER_CONCURRENT,THREE_D,2000,GAUSSIAN,1,4,0.47,true
DIAMETER_CONCURRENT,THREE_D,2000,GAUSSIAN,2,4,0.47,true
DIAMETER_CONCURRENT,THREE_D,2000,GAUSSIAN,3,4,0.47,true
DIAMETER_QUICKHULL,TWO_D,2000,GAUSSIAN,1,0,0.35,true
DIAMETER_QUICKHULL,TWO_D,2000,GAUSSIAN,2,0,0.47,true
DIAMETER_QUICKHULL,TWO_D,2000,GAUSSIAN,3,0,0.35,true
DIAMETER_QUICKHULL,THREE_D,2000,GAUSSIAN,1,0,0.58,false
DIAMETER_QUICKHULL,THREE_D,2000,GAUSSIAN,2,0,0.58,false
DIAMETER_QUICKHULL,THREE_D,2000,GAUSSIAN,3,0,0.70,false
CLOSEST_PAIR_NAIVE,TWO_D,2000,EXPONENTIAL,1,26,0.23,true
CLOSEST_PAIR_NAIVE,TWO_D,2000,EXPONENTIAL,2,26,0.23,true
CLOSEST_PAIR_NAIVE,TWO_D,2000,EXPONENTIAL,3,26,0.23,true
CLOSEST_PAIR_NAIVE,THREE_D,2000,EXPONENTIAL,1,2,0.23,true
CLOSEST_PAIR_NAIVE,THREE_D,2000,EXPONENTIAL,2,2,0.23,true
CLOSEST_PAIR_NAIVE,THREE_D,2000,EXPONENTIAL,3,2,0.23,true
CLOSEST_PAIR_EFFICIENT,TWO_D,2000,EXPONENTIAL,1,1,1.72,true
CLOSEST_PAIR_EFFICIENT,TWO_D,2000,EXPONENTIAL,2,1,1.96,true
CLOSEST_PAIR_EFFICIENT,TWO_D,2000,EXPONENTIAL,3,1,1.12,true
CLOSEST_PAIR_EFFICIENT,THREE_D,2000,EXPONENTIAL,1,2,1.08,true
CLOSEST_PAIR_EFFICIENT,THREE_D,2000,EXPONENTIAL,2,2,1.08,true
CLOSEST_PAIR_EFFICIENT,THREE_D,2000,EXPONENTIAL,3,2,1.36,true
CLOSEST_PAIR_KDTREE,TWO_D,2000,EXPONENTIAL,1,5,10.93,true
CLOSEST_PAIR_KDTREE,TWO_D,2000,EXPONENTIAL,2,5,10.93,true
CLOSEST_PAIR_KDTREE,TWO_D,2000,EXPONENTIAL,3,5,10.93,true
CLOSEST_PAIR_KDTREE,THREE_D,2000,EXPONENTIAL,1,7,4.93,true
CLOSEST_PAIR_KDTREE,THREE_D,2000,EXPONENTIAL,2,7,4.94,true
CLOSEST_PAIR_KDTREE,THREE_D,2000,EXPONENTIAL,3,6,4.94,true
CLOSEST_PAIR_ADAPTIVE,TWO_D,2000,EXPONENTIAL,1,5,10.95,true
CLOSEST_PAIR_ADAPTIVE,TWO_D,2000,EXPONENTIAL,2,5,10.95,true
CLOSEST_PAIR_ADAPTIVE,TWO_D,2000,EXPONENTIAL,3,5,10.94,true
CLOSEST_PAIR_ADAPTIVE,THREE_D,2000,EXPONENTIAL,1,6,4.94,true
CLOSEST_PAIR_ADAPTIVE,THREE_D,2000,EXPONENTIAL,2,6,4.94,true
CLOSEST_PAIR_ADAPTIVE,THREE_D,2000,EXPONENTIAL,3,7,4.94,true
DIAMETER_NAIVE,TWO_D,2000,EXPONENTIAL,1,28,0.24,true
DIAMETER_NAIVE,TWO_D,2000,EXPONENTIAL,2,28,0.24,true
DIAMETER_NAIVE,TWO_D,2000,EXPONENTIAL,3,27,0.24,true
DIAMETER_NAIVE,THREE_D,2000,EXPONENTIAL,1,1,0.24,true
DIAMETER_NAIVE,THREE_D,2000,EXPONENTIAL,2,1,0.24,true
DIAMETER_NAIVE,THREE_D,2000,EXPONENTIAL,3,1,0.24,true
DIAMETER_CONCURRENT,TWO_D,2000,EXPONENTIAL,1,62,0.48,true
DIAMETER_CONCURRENT,TWO_D,2000,EXPONENTIAL,2,62,0.48,true
DIAMETER_CONCURRENT,TWO_D,2000,EXPONENTIAL,3,62,0.48,true
DIAMETER_CONCURRENT,THREE_D,2000,EXPONENTIAL,1,4,0.48,true
DIAMETER_CONCURRENT,THREE_D,2000,EXPONENTIAL,2,4,0.48,true
DIAMETER_CONCURRENT,THREE_D,2000,EXPONENTIAL,3,4,0.48,true
DIAMETER_QUICKHULL,TWO_D,2000,EXPONENTIAL,1,0,0.60,true
DIAMETER_QUICKHULL,TWO_D,2000,EXPONENTIAL,2,0,0.60,true
DIAMETER_QUICKHULL,TWO_D,2000,EXPONENTIAL,3,0,0.36,true
DIAMETER_QUICKHULL,THREE_D,2000,EXPONENTIAL,1,0,0.60,false
DIAMETER_QUICKHULL,THREE_D,2000,EXPONENTIAL,2,0,0.60,false
DIAMETER_QUICKHULL,THREE_D,2000,EXPONENTIAL,3,0,0.60,false
CLOSEST_PAIR_NAIVE,TWO_D,2000,LOG_NORMAL,1,27,0.24,true
CLOSEST_PAIR_NAIVE,TWO_D,2000,LOG_NORMAL,2,27,0.24,true
CLOSEST_PAIR_NAIVE,TWO_D,2000,LOG_NORMAL,3,27,0.32,true
CLOSEST_PAIR_NAIVE,THREE_D,2000,LOG_NORMAL,1,2,0.24,true
CLOSEST_PAIR_NAIVE,THREE_D,2000,LOG_NORMAL,2,2,0.24,true
CLOSEST_PAIR_NAIVE,THREE_D,2000,LOG_NORMAL,3,2,0.24,true
CLOSEST_PAIR_EFFICIENT,TWO_D,2000,LOG_NORMAL,1,1,1.96,true
CLOSEST_PAIR_EFFICIENT,TWO_D,2000,LOG_NORMAL,2,1,2.00,true
CLOSEST_PAIR_EFFICIENT,TWO_D,2000,LOG_NORMAL,3,1,1.12,true
CLOSEST_PAIR_EFFICIENT,THREE_D,2000,LOG_NORMAL,1,2,1.36,true
CLOSEST_PAIR_EFFICIENT,THREE_D,2000,LOG_NORMAL,2,2,2.00,true
CLOSEST_PAIR_EFFICIENT,THREE_D,2000,LOG_NORMAL,3,2,1.48,true
CLOSEST_PAIR_KDTREE,TWO_D,2000,LOG_NORMAL,1,6,11.00,true
CLOSEST_PAIR_KDTREE,TWO_D,2000,LOG_NORMAL,2,6,11.00,true
CLOSEST_PAIR_KDTREE,TWO_D,2000,LOG_NORMAL,3,6,11.00,true
CLOSEST_PAIR_KDTREE,THREE_D,2000,LOG_NORMAL,1,8,5.51,true
CLOSEST_PAIR_KDTREE,THREE_D,2000,LOG_NORMAL,2,8,5.49,true
CLOSEST_PAIR_KDTREE,THREE_D,2000,LOG_NORMAL,3,8,5.49,true
CLOSEST_PAIR_ADAPTIVE,TWO_D,2000,LOG_NORMAL,1,5,11.00,true
CLOSEST_PAIR_ADAPTIVE,TWO_D,2000,LOG_NORMAL,2,5,11.00,true
CLOSEST_PAIR_ADAPTIVE,TWO_D,2000,LOG_NORMAL,3,5,11.00,true
CLOSEST_PAIR_ADAPTIVE,THREE_D,2000,LOG_NORMAL,1,7,5.50,true
CLOSEST_PAIR_ADAPTIVE,THREE_D,2000,LOG_NORMAL,2,7,5.49,true
CLOSEST_PAIR_ADAPTIVE,THREE_D,2000,LOG_NORMAL,3,7,5.49,true
DIAMETER_NAIVE,TWO_D,2000,LOG_NORMAL,1,29,0.22,true
DIAMETER_NAIVE,TWO_D,2000,LOG_NORMAL,2,29,0.22,true
DIAMETER_NAIVE,TWO_D,2000,LOG_NORMAL,3,29,0.22,true
DIAMETER_NAIVE,THREE_D,2000,LOG_NORMAL,1,1,0.22,true
DIAMETER_NAIVE,THREE_D,2000,LOG_NORMAL,2,1,0.22,true
DIAMETER_NAIVE,THREE_D,2000,LOG_NORMAL,3,1,0.22,true
DIAMETER_CONCURRENT,TWO_D,2000,LOG_NORMAL,1,63,0.46,true
DIAMETER_CONCURRENT,TWO_D,2000,LOG_NORMAL,2,63,0.46,true
DIAMETER_CONCURRENT,TWO_D,2000,LOG_NORMAL,3,64,0.46,true
DIAMETER_CONCURRENT,THREE_D,2000,LOG_NORMAL,1,4,0.46,true
DIAMETER_CONCURRENT,THREE_D,2000,LOG_NORMAL,2,4,0.46,true
DIAMETER_CONCURRENT,THREE_D,2000,LOG_NORMAL,3,4,0.46,true
DIAMETER_QUICKHULL,TWO_D,2000,LOG_NORMAL,1,0,0.70,true
DIAMETER_QUICKHULL,TWO_D,2000,LOG_NORMAL,2,0,0.58,true
DIAMETER_QUICKHULL,TWO_D,2000,LOG_NORMAL,3,0,0.46,true
DIAMETER_QUICKHULL,THREE_D,2000,LOG_NORMAL,1,0,0.52,false
DIAMETER_QUICKHULL,THREE_D,2000,LOG_NORMAL,2,0,0.56,false
DIAMETER_QUICKHULL,THREE_D,2000,LOG_NORMAL,3,0,0.56,false
CLOSEST_PAIR_NAIVE,TWO_D,2000,RAYLEIGH,1,28,0.22,true
CLOSEST_PAIR_NAIVE,TWO_D,2000,RAYLEIGH,2,28,0.22,true
CLOSEST_PAIR_NAIVE,TWO_D,2000,RAYLEIGH,3,28,0.22,true
CLOSEST_PAIR_NAIVE,THREE_D,2000,RAYLEIGH,1,2,0.22,true
CLOSEST_PAIR_NAIVE,THREE_D,2000,RAYLEIGH,2,2,0.22,true
CLOSEST_PAIR_NAIVE,THREE_D,2000,RAYLEIGH,3,2,0.22,true
CLOSEST_PAIR_EFFICIENT,TWO_D,2000,RAYLEIGH,1,1,1.96,true
CLOSEST_PAIR_EFFICIENT,TWO_D,2000,RAYLEIGH,2,1,1.96,true
CLOSEST_PAIR_EFFICIENT,TWO_D,2000,RAYLEIGH,3,1,1.96,true
CLOSEST_PAIR_EFFICIENT,THREE_D,2000,RAYLEIGH,1,1,1.36,true
CLOSEST_PAIR_EFFICIENT,THREE_D,2000,RAYLEIGH,2,1,1.12,true
CLOSEST_PAIR_EFFICIENT,THREE_D,2000,RAYLEIGH,3,1,1.96,true
CLOSEST_PAIR_KDTREE,TWO_D,2000,RAYLEIGH,1,5,11.22,true
CLOSEST_PAIR_KDTREE,TWO_D,2000,RAYLEIGH,2,5,11.22,true
CLOSEST_PAIR_KDTREE,TWO_D,2000,RAYLEIGH,3,5,11.22,true
CLOSEST_PAIR_KDTREE,THREE_D,2000,RAYLEIGH,1,7,5.69,true
CLOSEST_PAIR_KDTREE,THREE_D,2000,RAYLEIGH,2,7,5.49,true
CLOSEST_PAIR_KDTREE,THREE_D,2000,RAYLEIGH,3,7,5.49,true
CLOSEST_PAIR_ADAPTIVE,TWO_D,2000,RAYLEIGH,1,5,11.22,true
CLOSEST_PAIR_ADAPTIVE,TWO_D,2000,RAYLEIGH,2,5,11.22,true
CLOSEST_PAIR_ADAPTIVE,TWO_D,2000,RAYLEIGH,3,5,11.22,true
CLOSEST_PAIR_ADAPTIVE,THREE_D,2000,RAYLEIGH,1,7,5.69,true
CLOSEST_PAIR_ADAPTIVE,THREE_D,2000,RAYLEIGH,2,7,5.49,true
CLOSEST_PAIR_ADAPTIVE,THREE_D,2000,RAYLEIGH,3,7,5.49,true
DIAMETER_NAIVE,TWO_D,2000,RAYLEIGH,1,30,0.30,true
DIAMETER_NAIVE,TWO_D,2000,RAYLEIGH,2,30,0.22,true
DIAMETER_NAIVE,TWO_D,2000,RAYLEIGH,3,29,0.22,true
DIAMETER_NAIVE,THREE_D,2000,RAYLEIGH,1,1,0.22,true
DIAMETER_NAIVE,THREE_D,2000,RAYLEIGH,2,2,0.22,true
DIAMETER_NAIVE,THREE_D,2000,RAYLEIGH,3,2,0.22,true
DIAMETER_CONCURRENT,TWO_D,2000,RAYLEIGH,1,65,0.46,true
DIAMETER_CONCURRENT,TWO_D,2000,RAYLEIGH,2,65,0.46,true
DIAMETER_CONCURRENT,TWO_D,2000,RAYLEIGH,3,66,0.46,true
DIAMETER_CONCURRENT,THREE_D,2000,RAYLEIGH,1,4,0.46,true
DIAMETER_CONCURRENT,THREE_D,2000,RAYLEIGH,2,4,0.46,true
DIAMETER_CONCURRENT,THREE_D,2000,RAYLEIGH,3,4,0.46,true
DIAMETER_QUICKHULL,TWO_D,2000,RAYLEIGH,1,0,0.46,true
DIAMETER_QUICKHULL,TWO_D,2000,RAYLEIGH,2,0,0.34,true
DIAMETER_QUICKHULL,TWO_D,2000,RAYLEIGH,3,0,0.58,true
DIAMETER_QUICKHULL,THREE_D,2000,RAYLEIGH,1,0,0.53,false
DIAMETER_QUICKHULL,THREE_D,2000,RAYLEIGH,2,0,0.57,false
DIAMETER_QUICKHULL,THREE_D,2000,RAYLEIGH,3,0,0.57,false
CLOSEST_PAIR_NAIVE,TWO_D,5000,UNIFORM,1,182,0.22,true
CLOSEST_PAIR_NAIVE,TWO_D,5000,UNIFORM,2,183,0.22,true
CLOSEST_PAIR_NAIVE,TWO_D,5000,UNIFORM,3,183,0.30,true
CLOSEST_PAIR_NAIVE,THREE_D,5000,UNIFORM,1,13,0.22,true
CLOSEST_PAIR_NAIVE,THREE_D,5000,UNIFORM,2,13,0.22,true
CLOSEST_PAIR_NAIVE,THREE_D,5000,UNIFORM,3,13,0.22,true
CLOSEST_PAIR_EFFICIENT,TWO_D,5000,UNIFORM,1,2,2.24,true
CLOSEST_PAIR_EFFICIENT,TWO_D,5000,UNIFORM,2,2,1.84,true
CLOSEST_PAIR_EFFICIENT,TWO_D,5000,UNIFORM,3,2,1.48,true
CLOSEST_PAIR_EFFICIENT,THREE_D,5000,UNIFORM,1,3,2.36,true
CLOSEST_PAIR_EFFICIENT,THREE_D,5000,UNIFORM,2,3,2.72,true
CLOSEST_PAIR_EFFICIENT,THREE_D,5000,UNIFORM,3,3,2.08,true
CLOSEST_PAIR_KDTREE,TWO_D,5000,UNIFORM,1,13,9.80,true
CLOSEST_PAIR_KDTREE,TWO_D,5000,UNIFORM,2,15,20.80,true
CLOSEST_PAIR_KDTREE,TWO_D,5000,UNIFORM,3,13,9.82,true
CLOSEST_PAIR_KDTREE,THREE_D,5000,UNIFORM,1,20,26.02,true
CLOSEST_PAIR_KDTREE,THREE_D,5000,UNIFORM,2,19,4.05,true
CLOSEST_PAIR_KDTREE,THREE_D,5000,UNIFORM,3,19,4.06,true
CLOSEST_PAIR_ADAPTIVE,TWO_D,5000,UNIFORM,1,15,9.82,true
CLOSEST_PAIR_ADAPTIVE,TWO_D,5000,UNIFORM,2,16,9.82,true
CLOSEST_PAIR_ADAPTIVE,TWO_D,5000,UNIFORM,3,16,9.82,true
CLOSEST_PAIR_ADAPTIVE,THREE_D,5000,UNIFORM,1,20,26.04,true
CLOSEST_PAIR_ADAPTIVE,THREE_D,5000,UNIFORM,2,19,4.04,true
CLOSEST_PAIR_ADAPTIVE,THREE_D,5000,UNIFORM,3,18,4.06,true
DIAMETER_NAIVE,TWO_D,5000,UNIFORM,1,190,0.50,true
DIAMETER_NAIVE,TWO_D,5000,UNIFORM,2,190,0.32,true
DIAMETER_NAIVE,TWO_D,5000,UNIFORM,3,189,0.24,true
DIAMETER_NAIVE,THREE_D,5000,UNIFORM,1,13,0.24,true
DIAMETER_NAIVE,THREE_D,5000,UNIFORM,2,13,0.24,true
DIAMETER_NAIVE,THREE_D,5000,UNIFORM,3,13,0.24,true
DIAMETER_CONCURRENT,TWO_D,5000,UNIFORM,1,425,0.48,true
DIAMETER_CONCURRENT,TWO_D,5000,UNIFORM,2,436,0.56,true
DIAMETER_CONCURRENT,TWO_D,5000,UNIFORM,3,424,0.36,true
DIAMETER_CONCURRENT,THREE_D,5000,UNIFORM,1,26,0.48,true
DIAMETER_CONCURRENT,THREE_D,5000,UNIFORM,2,26,0.48,true
DIAMETER_CONCURRENT,THREE_D,5000,UNIFORM,3,26,0.48,true
DIAMETER_QUICKHULL,TWO_D,5000,UNIFORM,1,0,0.84,true
DIAMETER_QUICKHULL,TWO_D,5000,UNIFORM,2,0,0.61,true
DIAMETER_QUICKHULL,TWO_D,5000,UNIFORM,3,0,0.72,true
DIAMETER_QUICKHULL,THREE_D,5000,UNIFORM,1,2,1.00,false
DIAMETER_QUICKHULL,THREE_D,5000,UNIFORM,2,1,1.00,false
DIAMETER_QUICKHULL,THREE_D,5000,UNIFORM,3,1,1.00,false
CLOSEST_PAIR_NAIVE,TWO_D,5000,GAUSSIAN,1,176,0.32,true
CLOSEST_PAIR_NAIVE,TWO_D,5000,GAUSSIAN,2,176,0.24,true
CLOSEST_PAIR_NAIVE,TWO_D,5000,GAUSSIAN,3,176,0.24,true
CLOSEST_PAIR_NAIVE,THREE_D,5000,GAUSSIAN,1,13,0.24,true
CLOSEST_PAIR_NAIVE,THREE_D,5000,GAUSSIAN,2,13,0.24,true
CLOSEST_PAIR_NAIVE,THREE_D,5000,GAUSSIAN,3,14,0.24,true
CLOSEST_PAIR_EFFICIENT,TWO_D,5000,GAUSSIAN,1,2,2.48,true
CLOSEST_PAIR_EFFICIENT,TWO_D,5000,GAUSSIAN,2,2,2.24,true
CLOSEST_PAIR_EFFICIENT,TWO_D,5000,GAUSSIAN,3,2,1.60,true
CLOSEST_PAIR_EFFICIENT,THREE_D,5000,GAUSSIAN,1,3,2.60,true
CLOSEST_PAIR_EFFICIENT,THREE_D,5000,GAUSSIAN,2,3,2.48,true
CLOSEST_PAIR_EFFICIENT,THREE_D,5000,GAUSSIAN,3,3,2.24,true
CLOSEST_PAIR_KDTREE,TWO_D,5000,GAUSSIAN,1,14,10.38,true
CLOSEST_PAIR_KDTREE,TWO_D,5000,GAUSSIAN,2,14,10.37,true
CLOSEST_PAIR_KDTREE,TWO_D,5000,GAUSSIAN,3,13,10.39,true
CLOSEST_PAIR_KDTREE,THREE_D,5000,GAUSSIAN,1,21,30.81,true
CLOSEST_PAIR_KDTREE,THREE_D,5000,GAUSSIAN,2,20,8.62,true
CLOSEST_PAIR_KDTREE,THREE_D,5000,GAUSSIAN,3,20,8.62,true
CLOSEST_PAIR_ADAPTIVE,TWO_D,5000,GAUSSIAN,1,14,10.39,true
CLOSEST_PAIR_ADAPTIVE,TWO_D,5000,GAUSSIAN,2,16,10.37,true
CLOSEST_PAIR_ADAPTIVE,TWO_D,5000,GAUSSIAN,3,16,10.38,true
CLOSEST_PAIR_ADAPTIVE,THREE_D,5000,GAUSSIAN,1,22,30.82,true
CLOSEST_PAIR_ADAPTIVE,THREE_D,5000,GAUSSIAN,2,20,8.62,true
CLOSEST_PAIR_ADAPTIVE,THREE_D,5000,GAUSSIAN,3,20,8.60,true
DIAMETER_NAIVE,TWO_D,5000,GAUSSIAN,1,206,0.50,true
DIAMETER_NAIVE,TWO_D,5000,GAUSSIAN,2,195,0.24,true
DIAMETER_NAIVE,TWO_D,5000,GAUSSIAN,3,198,0.24,true
DIAMETER_NAIVE,THREE_D,5000,GAUSSIAN,1,14,0.24,true
DIAMETER_NAIVE,THREE_D,5000,GAUSSIAN,2,15,0.24,true
DIAMETER_NAIVE,THREE_D,5000,GAUSSIAN,3,14,0.24,true
DIAMETER_CONCURRENT,TWO_D,5000,GAUSSIAN,1,439,0.56,true
DIAMETER_CONCURRENT,TWO_D,5000,GAUSSIAN,2,414,0.36,true
DIAMETER_CONCURRENT,TWO_D,5000,GAUSSIAN,3,426,0.56,true
DIAMETER_CONCURRENT,THREE_D,5000,GAUSSIAN,1,30,0.36,true
DIAMETER_CONCURRENT,THREE_D,5000,GAUSSIAN,2,28,0.36,true
DIAMETER_CONCURRENT,THREE_D,5000,GAUSSIAN,3,27,0.48,true
DIAMETER_QUICKHULL,TWO_D,5000,GAUSSIAN,1,0,0.36,true
DIAMETER_QUICKHULL,TWO_D,5000,GAUSSIAN,2,0,0.48,true
DIAMETER_QUICKHULL,TWO_D,5000,GAUSSIAN,3,0,0.48,true
DIAMETER_QUICKHULL,THREE_D,5000,GAUSSIAN,1,1,0.86,false
DIAMETER_QUICKHULL,THREE_D,5000,GAUSSIAN,2,1,0.86,false
DIAMETER_QUICKHULL,THREE_D,5000,GAUSSIAN,3,0,0.86,false
CLOSEST_PAIR_NAIVE,TWO_D,5000,EXPONENTIAL,1,174,0.24,true
CLOSEST_PAIR_NAIVE,TWO_D,5000,EXPONENTIAL,2,169,0.24,true
CLOSEST_PAIR_NAIVE,TWO_D,5000,EXPONENTIAL,3,168,0.24,true
CLOSEST_PAIR_NAIVE,THREE_D,5000,EXPONENTIAL,1,13,0.24,true
CLOSEST_PAIR_NAIVE,THREE_D,5000,EXPONENTIAL,2,14,0.24,true
CLOSEST_PAIR_NAIVE,THREE_D,5000,EXPONENTIAL,3,13,0.24,true
CLOSEST_PAIR_EFFICIENT,TWO_D,5000,EXPONENTIAL,1,2,2.24,true
CLOSEST_PAIR_EFFICIENT,TWO_D,5000,EXPONENTIAL,2,2,1.72,true
CLOSEST_PAIR_EFFICIENT,TWO_D,5000,EXPONENTIAL,3,2,1.48,true
CLOSEST_PAIR_EFFICIENT,THREE_D,5000,EXPONENTIAL,1,3,2.24,false
CLOSEST_PAIR_EFFICIENT,THREE_D,5000,EXPONENTIAL,2,3,2.24,false
CLOSEST_PAIR_EFFICIENT,THREE_D,5000,EXPONENTIAL,3,3,2.32,false
CLOSEST_PAIR_KDTREE,TWO_D,5000,EXPONENTIAL,1,14,10.03,true
CLOSEST_PAIR_KDTREE,TWO_D,5000,EXPONENTIAL,2,14,10.96,true
CLOSEST_PAIR_KDTREE,TWO_D,5000,EXPONENTIAL,3,13,10.05,true
CLOSEST_PAIR_KDTREE,THREE_D,5000,EXPONENTIAL,1,20,26.56,true
CLOSEST_PAIR_KDTREE,THREE_D,5000,EXPONENTIAL,2,18,3.62,true
CLOSEST_PAIR_KDTREE,THREE_D,5000,EXPONENTIAL,3,19,8.70,true
CLOSEST_PAIR_ADAPTIVE,TWO_D,5000,EXPONENTIAL,1,15,21.03,true
CLOSEST_PAIR_ADAPTIVE,TWO_D,5000,EXPONENTIAL,2,12,10.03,true
CLOSEST_PAIR_ADAPTIVE,TWO_D,5000,EXPONENTIAL,3,15,10.95,true
CLOSEST_PAIR_ADAPTIVE,THREE_D,5000,EXPONENTIAL,1,21,3.60,true
CLOSEST_PAIR_ADAPTIVE,THREE_D,5000,EXPONENTIAL,2,19,8.70,true
CLOSEST_PAIR_ADAPTIVE,THREE_D,5000,EXPONENTIAL,3,19,36.60,true
DIAMETER_NAIVE,TWO_D,5000,EXPONENTIAL,1,176,0.50,true
DIAMETER_NAIVE,TWO_D,5000,EXPONENTIAL,2,176,0.23,true
DIAMETER_NAIVE,TWO_D,5000,EXPONENTIAL,3,176,0.32,true
DIAMETER_NAIVE,THREE_D,5000,EXPONENTIAL,1,13,0.23,true
DIAMETER_NAIVE,THREE_D,5000,EXPONENTIAL,2,13,0.23,true
DIAMETER_NAIVE,THREE_D,5000,EXPONENTIAL,3,13,0.23,true
DIAMETER_CONCURRENT,TWO_D,5000,EXPONENTIAL,1,391,0.47,true
DIAMETER_CONCURRENT,TWO_D,5000,EXPONENTIAL,2,391,0.47,true
DIAMETER_CONCURRENT,TWO_D,5000,EXPONENTIAL,3,391,0.55,true
DIAMETER_CONCURRENT,THREE_D,5000,EXPONENTIAL,1,26,0.35,true
DIAMETER_CONCURRENT,THREE_D,5000,EXPONENTIAL,2,26,0.35,true
DIAMETER_CONCURRENT,THREE_D,5000,EXPONENTIAL,3,26,0.47,true
DIAMETER_QUICKHULL,TWO_D,5000,EXPONENTIAL,1,0,0.47,true
DIAMETER_QUICKHULL,TWO_D,5000,EXPONENTIAL,2,0,0.59,true
DIAMETER_QUICKHULL,TWO_D,5000,EXPONENTIAL,3,0,0.59,true
DIAMETER_QUICKHULL,THREE_D,5000,EXPONENTIAL,1,0,0.80,false
DIAMETER_QUICKHULL,THREE_D,5000,EXPONENTIAL,2,0,0.84,false
DIAMETER_QUICKHULL,THREE_D,5000,EXPONENTIAL,3,0,0.84,false
CLOSEST_PAIR_NAIVE,TWO_D,5000,LOG_NORMAL,1,173,0.23,true
CLOSEST_PAIR_NAIVE,TWO_D,5000,LOG_NORMAL,2,173,0.23,true
CLOSEST_PAIR_NAIVE,TWO_D,5000,LOG_NORMAL,3,173,0.31,true
CLOSEST_PAIR_NAIVE,THREE_D,5000,LOG_NORMAL,1,13,0.23,true
CLOSEST_PAIR_NAIVE,THREE_D,5000,LOG_NORMAL,2,13,0.23,true
CLOSEST_PAIR_NAIVE,THREE_D,5000,LOG_NORMAL,3,13,0.23,true
CLOSEST_PAIR_EFFICIENT,TWO_D,5000,LOG_NORMAL,1,2,2.00,true
CLOSEST_PAIR_EFFICIENT,TWO_D,5000,LOG_NORMAL,2,2,2.24,true
CLOSEST_PAIR_EFFICIENT,TWO_D,5000,LOG_NORMAL,3,2,1.60,true
CLOSEST_PAIR_EFFICIENT,THREE_D,5000,LOG_NORMAL,1,3,2.36,true
CLOSEST_PAIR_EFFICIENT,THREE_D,5000,LOG_NORMAL,2,3,2.36,true
CLOSEST_PAIR_EFFICIENT,THREE_D,5000,LOG_NORMAL,3,3,2.12,true
CLOSEST_PAIR_KDTREE,TWO_D,5000,LOG_NORMAL,1,13,9.38,true
CLOSEST_PAIR_KDTREE,TWO_D,5000,LOG_NORMAL,2,14,10.36,true
CLOSEST_PAIR_KDTREE,TWO_D,5000,LOG_NORMAL,3,13,9.38,true
CLOSEST_PAIR_KDTREE,THREE_D,5000,LOG_NORMAL,1,21,27.36,true
CLOSEST_PAIR_KDTREE,THREE_D,5000,LOG_NORMAL,2,20,9.43,true
CLOSEST_PAIR_KDTREE,THREE_D,5000,LOG_NORMAL,3,25,35.43,true
CLOSEST_PAIR_ADAPTIVE,TWO_D,5000,LOG_NORMAL,1,16,5.41,true
CLOSEST_PAIR_ADAPTIVE,TWO_D,5000,LOG_NORMAL,2,14,5.43,true
CLOSEST_PAIR_ADAPTIVE,TWO_D,5000,LOG_NORMAL,3,14,5.42,true
CLOSEST_PAIR_ADAPTIVE,THREE_D,5000,LOG_NORMAL,1,20,22.43,true
CLOSEST_PAIR_ADAPTIVE,THREE_D,5000,LOG_NORMAL,2,19,4.40,true
CLOSEST_PAIR_ADAPTIVE,THREE_D,5000,LOG_NORMAL,3,19,4.40,true
DIAMETER_NAIVE,TWO_D,5000,LOG_NORMAL,1,181,0.50,true
DIAMETER_NAIVE,TWO_D,5000,LOG_NORMAL,2,182,0.32,true
DIAMETER_NAIVE,TWO_D,5000,LOG_NORMAL,3,181,0.24,true
DIAMETER_NAIVE,THREE_D,5000,LOG_NORMAL,1,12,0.24,true
DIAMETER_NAIVE,THREE_D,5000,LOG_NORMAL,2,12,0.24,true
DIAMETER_NAIVE,THREE_D,5000,LOG_NORMAL,3,12,0.24,true
DIAMETER_CONCURRENT,TWO_D,5000,LOG_NORMAL,1,546,0.48,true
DIAMETER_CONCURRENT,TWO_D,5000,LOG_NORMAL,2,431,0.56,true
DIAMETER_CONCURRENT,TWO_D,5000,LOG_NORMAL,3,405,0.36,true
DIAMETER_CONCURRENT,THREE_D,5000,LOG_NORMAL,1,26,0.48,true
DIAMETER_CONCURRENT,THREE_D,5000,LOG_NORMAL,2,26,0.48,true
DIAMETER_CONCURRENT,THREE_D,5000,LOG_NORMAL,3,26,0.48,true
DIAMETER_QUICKHULL,TWO_D,5000,LOG_NORMAL,1,0,0.72,true
DIAMETER_QUICKHULL,TWO_D,5000,LOG_NORMAL,2,0,0.72,true
DIAMETER_QUICKHULL,TWO_D,5000,LOG_NORMAL,3,0,0.84,true
DIAMETER_QUICKHULL,THREE_D,5000,LOG_NORMAL,1,0,0.82,false
DIAMETER_QUICKHULL,THREE_D,5000,LOG_NORMAL,2,0,0.86,false
DIAMETER_QUICKHULL,THREE_D,5000,LOG_NORMAL,3,0,0.86,false
CLOSEST_PAIR_NAIVE,TWO_D,5000,RAYLEIGH,1,179,0.32,true
CLOSEST_PAIR_NAIVE,TWO_D,5000,RAYLEIGH,2,180,0.24,true
CLOSEST_PAIR_NAIVE,TWO_D,5000,RAYLEIGH,3,179,0.24,true
CLOSEST_PAIR_NAIVE,THREE_D,5000,RAYLEIGH,1,13,0.24,true
CLOSEST_PAIR_NAIVE,THREE_D,5000,RAYLEIGH,2,14,0.24,true
CLOSEST_PAIR_NAIVE,THREE_D,5000,RAYLEIGH,3,13,0.24,true
CLOSEST_PAIR_EFFICIENT,TWO_D,5000,RAYLEIGH,1,2,2.48,true
CLOSEST_PAIR_EFFICIENT,TWO_D,5000,RAYLEIGH,2,2,2.24,true
CLOSEST_PAIR_EFFICIENT,TWO_D,5000,RAYLEIGH,3,2,1.48,true
CLOSEST_PAIR_EFFICIENT,THREE_D,5000,RAYLEIGH,1,3,2.24,true
CLOSEST_PAIR_EFFICIENT,THREE_D,5000,RAYLEIGH,2,3,2.36,true
CLOSEST_PAIR_EFFICIENT,THREE_D,5000,RAYLEIGH,3,3,2.24,true
CLOSEST_PAIR_KDTREE,TWO_D,5000,RAYLEIGH,1,13,9.60,true
CLOSEST_PAIR_KDTREE,TWO_D,5000,RAYLEIGH,2,14,10.55,true
CLOSEST_PAIR_KDTREE,TWO_D,5000,RAYLEIGH,3,13,9.60,true
CLOSEST_PAIR_KDTREE,THREE_D,5000,RAYLEIGH,1,21,28.36,true
CLOSEST_PAIR_KDTREE,THREE_D,5000,RAYLEIGH,2,19,5.40,true
CLOSEST_PAIR_KDTREE,THREE_D,5000,RAYLEIGH,3,19,10.44,true
CLOSEST_PAIR_ADAPTIVE,TWO_D,5000,RAYLEIGH,1,15,20.59,true
CLOSEST_PAIR_ADAPTIVE,TWO_D,5000,RAYLEIGH,2,14,9.60,true
CLOSEST_PAIR_ADAPTIVE,TWO_D,5000,RAYLEIGH,3,15,10.55,true
CLOSEST_PAIR_ADAPTIVE,THREE_D,5000,RAYLEIGH,1,20,5.38,true
CLOSEST_PAIR_ADAPTIVE,THREE_D,5000,RAYLEIGH,2,21,10.42,true
CLOSEST_PAIR_ADAPTIVE,THREE_D,5000,RAYLEIGH,3,20,38.34,true
DIAMETER_NAIVE,TWO_D,5000,RAYLEIGH,1,193,0.60,true
DIAMETER_NAIVE,TWO_D,5000,RAYLEIGH,2,188,0.23,true
DIAMETER_NAIVE,TWO_D,5000,RAYLEIGH,3,186,0.23,true
DIAMETER_NAIVE,THREE_D,5000,RAYLEIGH,1,12,0.23,true
DIAMETER_NAIVE,THREE_D,5000,RAYLEIGH,2,12,0.23,true
DIAMETER_NAIVE,THREE_D,5000,RAYLEIGH,3,12,0.23,true
DIAMETER_CONCURRENT,TWO_D,5000,RAYLEIGH,1,413,0.56,true
DIAMETER_CONCURRENT,TWO_D,5000,RAYLEIGH,2,414,0.35,true
DIAMETER_CONCURRENT,TWO_D,5000,RAYLEIGH,3,415,0.41,true
DIAMETER_CONCURRENT,THREE_D,5000,RAYLEIGH,1,26,0.35,true
DIAMETER_CONCURRENT,THREE_D,5000,RAYLEIGH,2,26,0.35,true
DIAMETER_CONCURRENT,THREE_D,5000,RAYLEIGH,3,26,0.47,true
DIAMETER_QUICKHULL,TWO_D,5000,RAYLEIGH,1,0,0.83,true
DIAMETER_QUICKHULL,TWO_D,5000,RAYLEIGH,2,0,0.95,true
DIAMETER_QUICKHULL,TWO_D,5000,RAYLEIGH,3,0,0.71,true
DIAMETER_QUICKHULL,THREE_D,5000,RAYLEIGH,1,0,0.80,false
DIAMETER_QUICKHULL,THREE_D,5000,RAYLEIGH,2,0,0.84,false
DIAMETER_QUICKHULL,THREE_D,5000,RAYLEIGH,3,0,0.84,false
CLOSEST_PAIR_NAIVE,TWO_D,10000,UNIFORM,1,745,0.24,true
CLOSEST_PAIR_NAIVE,TWO_D,10000,UNIFORM,2,743,0.30,true
CLOSEST_PAIR_NAIVE,TWO_D,10000,UNIFORM,3,742,0.29,true
CLOSEST_PAIR_NAIVE,THREE_D,10000,UNIFORM,1,56,0.22,true
CLOSEST_PAIR_NAIVE,THREE_D,10000,UNIFORM,2,56,0.22,true
CLOSEST_PAIR_NAIVE,THREE_D,10000,UNIFORM,3,56,0.22,true
CLOSEST_PAIR_EFFICIENT,TWO_D,10000,UNIFORM,1,4,2.66,true
CLOSEST_PAIR_EFFICIENT,TWO_D,10000,UNIFORM,2,4,2.60,true
CLOSEST_PAIR_EFFICIENT,TWO_D,10000,UNIFORM,3,4,2.77,true
CLOSEST_PAIR_EFFICIENT,THREE_D,10000,UNIFORM,1,6,4.55,true
CLOSEST_PAIR_EFFICIENT,THREE_D,10000,UNIFORM,2,6,4.77,true
CLOSEST_PAIR_EFFICIENT,THREE_D,10000,UNIFORM,3,6,4.52,true
CLOSEST_PAIR_KDTREE,TWO_D,10000,UNIFORM,1,34,7.85,true
CLOSEST_PAIR_KDTREE,TWO_D,10000,UNIFORM,2,33,32.61,true
CLOSEST_PAIR_KDTREE,TWO_D,10000,UNIFORM,3,30,19.58,true
CLOSEST_PAIR_KDTREE,THREE_D,10000,UNIFORM,1,44,10.33,true
CLOSEST_PAIR_KDTREE,THREE_D,10000,UNIFORM,2,43,23.32,true
CLOSEST_PAIR_KDTREE,THREE_D,10000,UNIFORM,3,42,23.32,true
CLOSEST_PAIR_ADAPTIVE,TWO_D,10000,UNIFORM,1,31,32.58,true
CLOSEST_PAIR_ADAPTIVE,TWO_D,10000,UNIFORM,2,32,19.58,true
CLOSEST_PAIR_ADAPTIVE,TWO_D,10000,UNIFORM,3,31,19.58,true
CLOSEST_PAIR_ADAPTIVE,THREE_D,10000,UNIFORM,1,43,10.33,true
CLOSEST_PAIR_ADAPTIVE,THREE_D,10000,UNIFORM,2,43,23.32,true
CLOSEST_PAIR_ADAPTIVE,THREE_D,10000,UNIFORM,3,45,23.32,true
DIAMETER_NAIVE,TWO_D,10000,UNIFORM,1,774,0.63,true
DIAMETER_NAIVE,TWO_D,10000,UNIFORM,2,773,0.33,true
DIAMETER_NAIVE,TWO_D,10000,UNIFORM,3,776,0.33,true
DIAMETER_NAIVE,THREE_D,10000,UNIFORM,1,54,0.27,true
DIAMETER_NAIVE,THREE_D,10000,UNIFORM,2,54,0.27,true
DIAMETER_NAIVE,THREE_D,10000,UNIFORM,3,54,0.27,true
DIAMETER_CONCURRENT,TWO_D,10000,UNIFORM,1,1718,0.61,true
DIAMETER_CONCURRENT,TWO_D,10000,UNIFORM,2,1717,0.50,true
DIAMETER_CONCURRENT,TWO_D,10000,UNIFORM,3,1716,0.45,true
DIAMETER_CONCURRENT,THREE_D,10000,UNIFORM,1,111,0.37,true
DIAMETER_CONCURRENT,THREE_D,10000,UNIFORM,2,111,0.41,true
DIAMETER_CONCURRENT,THREE_D,10000,UNIFORM,3,110,0.41,true
DIAMETER_QUICKHULL,TWO_D,10000,UNIFORM,1,0,1.56,true
DIAMETER_QUICKHULL,TWO_D,10000,UNIFORM,2,0,1.28,true
DIAMETER_QUICKHULL,TWO_D,10000,UNIFORM,3,0,0.88,true
DIAMETER_QUICKHULL,THREE_D,10000,UNIFORM,1,1,1.62,false
DIAMETER_QUICKHULL,THREE_D,10000,UNIFORM,2,1,1.64,false
DIAMETER_QUICKHULL,THREE_D,10000,UNIFORM,3,1,1.69,false
CLOSEST_PAIR_NAIVE,TWO_D,10000,GAUSSIAN,1,706,0.27,true
CLOSEST_PAIR_NAIVE,TWO_D,10000,GAUSSIAN,2,706,0.30,true
CLOSEST_PAIR_NAIVE,TWO_D,10000,GAUSSIAN,3,705,0.25,true
CLOSEST_PAIR_NAIVE,THREE_D,10000,GAUSSIAN,1,55,0.25,true
CLOSEST_PAIR_NAIVE,THREE_D,10000,GAUSSIAN,2,58,0.25,true
CLOSEST_PAIR_NAIVE,THREE_D,10000,GAUSSIAN,3,56,0.25,true
CLOSEST_PAIR_EFFICIENT,TWO_D,10000,GAUSSIAN,1,4,3.26,true
CLOSEST_PAIR_EFFICIENT,TWO_D,10000,GAUSSIAN,2,4,2.61,true
CLOSEST_PAIR_EFFICIENT,TWO_D,10000,GAUSSIAN,3,4,2.53,true
CLOSEST_PAIR_EFFICIENT,THREE_D,10000,GAUSSIAN,1,6,4.52,true
CLOSEST_PAIR_EFFICIENT,THREE_D,10000,GAUSSIAN,2,6,4.91,true
CLOSEST_PAIR_EFFICIENT,THREE_D,10000,GAUSSIAN,3,6,4.78,true
CLOSEST_PAIR_KDTREE,TWO_D,10000,GAUSSIAN,1,34,5.33,true
CLOSEST_PAIR_KDTREE,TWO_D,10000,GAUSSIAN,2,35,28.63,true
CLOSEST_PAIR_KDTREE,TWO_D,10000,GAUSSIAN,3,33,12.93,true
CLOSEST_PAIR_KDTREE,THREE_D,10000,GAUSSIAN,1,52,10.86,true
CLOSEST_PAIR_KDTREE,THREE_D,10000,GAUSSIAN,2,50,25.84,true
CLOSEST_PAIR_KDTREE,THREE_D,10000,GAUSSIAN,3,45,25.84,true
CLOSEST_PAIR_ADAPTIVE,TWO_D,10000,GAUSSIAN,1,32,27.92,true
CLOSEST_PAIR_ADAPTIVE,TWO_D,10000,GAUSSIAN,2,31,12.93,true
CLOSEST_PAIR_ADAPTIVE,TWO_D,10000,GAUSSIAN,3,31,12.93,true
CLOSEST_PAIR_ADAPTIVE,THREE_D,10000,GAUSSIAN,1,46,10.83,true
CLOSEST_PAIR_ADAPTIVE,THREE_D,10000,GAUSSIAN,2,47,25.84,true
CLOSEST_PAIR_ADAPTIVE,THREE_D,10000,GAUSSIAN,3,47,25.84,true
DIAMETER_NAIVE,TWO_D,10000,GAUSSIAN,1,743,0.55,true
DIAMETER_NAIVE,TWO_D,10000,GAUSSIAN,2,741,0.31,true
DIAMETER_NAIVE,TWO_D,10000,GAUSSIAN,3,741,0.38,true
DIAMETER_NAIVE,THREE_D,10000,GAUSSIAN,1,52,0.31,true
DIAMETER_NAIVE,THREE_D,10000,GAUSSIAN,2,52,0.31,true
DIAMETER_NAIVE,THREE_D,10000,GAUSSIAN,3,52,0.31,true
DIAMETER_CONCURRENT,TWO_D,10000,GAUSSIAN,1,1646,0.73,true
DIAMETER_CONCURRENT,TWO_D,10000,GAUSSIAN,2,1647,0.52,true
DIAMETER_CONCURRENT,TWO_D,10000,GAUSSIAN,3,1656,0.49,true
DIAMETER_CONCURRENT,THREE_D,10000,GAUSSIAN,1,110,0.42,true
DIAMETER_CONCURRENT,THREE_D,10000,GAUSSIAN,2,110,0.47,true
DIAMETER_CONCURRENT,THREE_D,10000,GAUSSIAN,3,109,0.47,true
DIAMETER_QUICKHULL,TWO_D,10000,GAUSSIAN,1,0,0.95,true
DIAMETER_QUICKHULL,TWO_D,10000,GAUSSIAN,2,0,0.95,true
DIAMETER_QUICKHULL,TWO_D,10000,GAUSSIAN,3,0,1.00,true
DIAMETER_QUICKHULL,THREE_D,10000,GAUSSIAN,1,0,1.42,false
DIAMETER_QUICKHULL,THREE_D,10000,GAUSSIAN,2,0,1.47,false
DIAMETER_QUICKHULL,THREE_D,10000,GAUSSIAN,3,0,1.45,false
CLOSEST_PAIR_NAIVE,TWO_D,10000,EXPONENTIAL,1,677,0.29,true
CLOSEST_PAIR_NAIVE,TWO_D,10000,EXPONENTIAL,2,680,0.30,true
CLOSEST_PAIR_NAIVE,TWO_D,10000,EXPONENTIAL,3,676,0.27,true
CLOSEST_PAIR_NAIVE,THREE_D,10000,EXPONENTIAL,1,55,0.27,true
CLOSEST_PAIR_NAIVE,THREE_D,10000,EXPONENTIAL,2,55,0.27,true
CLOSEST_PAIR_NAIVE,THREE_D,10000,EXPONENTIAL,3,55,0.27,true
CLOSEST_PAIR_EFFICIENT,TWO_D,10000,EXPONENTIAL,1,4,3.28,true
CLOSEST_PAIR_EFFICIENT,TWO_D,10000,EXPONENTIAL,2,4,2.47,true
CLOSEST_PAIR_EFFICIENT,TWO_D,10000,EXPONENTIAL,3,4,2.47,true
CLOSEST_PAIR_EFFICIENT,THREE_D,10000,EXPONENTIAL,1,7,4.29,true
CLOSEST_PAIR_EFFICIENT,THREE_D,10000,EXPONENTIAL,2,15,4.47,true
CLOSEST_PAIR_EFFICIENT,THREE_D,10000,EXPONENTIAL,3,8,4.47,true
CLOSEST_PAIR_KDTREE,TWO_D,10000,EXPONENTIAL,1,34,4.33,true
CLOSEST_PAIR_KDTREE,TWO_D,10000,EXPONENTIAL,2,33,28.31,true
CLOSEST_PAIR_KDTREE,TWO_D,10000,EXPONENTIAL,3,30,13.34,true
CLOSEST_PAIR_KDTREE,THREE_D,10000,EXPONENTIAL,1,45,11.36,true
CLOSEST_PAIR_KDTREE,THREE_D,10000,EXPONENTIAL,2,43,24.33,true
CLOSEST_PAIR_KDTREE,THREE_D,10000,EXPONENTIAL,3,42,17.34,true
CLOSEST_PAIR_ADAPTIVE,TWO_D,10000,EXPONENTIAL,1,31,34.37,true
CLOSEST_PAIR_ADAPTIVE,TWO_D,10000,EXPONENTIAL,2,32,13.34,true
CLOSEST_PAIR_ADAPTIVE,TWO_D,10000,EXPONENTIAL,3,30,21.32,true
CLOSEST_PAIR_ADAPTIVE,THREE_D,10000,EXPONENTIAL,1,46,11.33,true
CLOSEST_PAIR_ADAPTIVE,THREE_D,10000,EXPONENTIAL,2,45,24.33,true
CLOSEST_PAIR_ADAPTIVE,THREE_D,10000,EXPONENTIAL,3,43,17.34,true
DIAMETER_NAIVE,TWO_D,10000,EXPONENTIAL,1,712,0.53,true
DIAMETER_NAIVE,TWO_D,10000,EXPONENTIAL,2,712,0.28,true
DIAMETER_NAIVE,TWO_D,10000,EXPONENTIAL,3,711,0.32,true
DIAMETER_NAIVE,THREE_D,10000,EXPONENTIAL,1,51,0.28,true
DIAMETER_NAIVE,THREE_D,10000,EXPONENTIAL,2,51,0.28,true
DIAMETER_NAIVE,THREE_D,10000,EXPONENTIAL,3,51,0.28,true
DIAMETER_CONCURRENT,TWO_D,10000,EXPONENTIAL,1,1583,0.63,true
DIAMETER_CONCURRENT,TWO_D,10000,EXPONENTIAL,2,1582,0.46,true
DIAMETER_CONCURRENT,TWO_D,10000,EXPONENTIAL,3,1582,0.49,true
DIAMETER_CONCURRENT,THREE_D,10000,EXPONENTIAL,1,106,0.37,true
DIAMETER_CONCURRENT,THREE_D,10000,EXPONENTIAL,2,107,0.42,true
DIAMETER_CONCURRENT,THREE_D,10000,EXPONENTIAL,3,106,0.42,true
DIAMETER_QUICKHULL,TWO_D,10000,EXPONENTIAL,1,0,0.76,true
DIAMETER_QUICKHULL,TWO_D,10000,EXPONENTIAL,2,0,0.90,true
DIAMETER_QUICKHULL,TWO_D,10000,EXPONENTIAL,3,0,0.76,true
DIAMETER_QUICKHULL,THREE_D,10000,EXPONENTIAL,1,1,1.42,false
DIAMETER_QUICKHULL,THREE_D,10000,EXPONENTIAL,2,1,1.42,false
DIAMETER_QUICKHULL,THREE_D,10000,EXPONENTIAL,3,1,1.56,false
CLOSEST_PAIR_NAIVE,TWO_D,10000,LOG_NORMAL,1,707,0.30,true
CLOSEST_PAIR_NAIVE,TWO_D,10000,LOG_NORMAL,2,705,0.27,true
CLOSEST_PAIR_NAIVE,TWO_D,10000,LOG_NORMAL,3,706,0.31,true
CLOSEST_PAIR_NAIVE,THREE_D,10000,LOG_NORMAL,1,55,0.27,true
CLOSEST_PAIR_NAIVE,THREE_D,10000,LOG_NORMAL,2,55,0.27,true
CLOSEST_PAIR_NAIVE,THREE_D,10000,LOG_NORMAL,3,55,0.27,true
CLOSEST_PAIR_EFFICIENT,TWO_D,10000,LOG_NORMAL,1,4,3.84,true
CLOSEST_PAIR_EFFICIENT,TWO_D,10000,LOG_NORMAL,2,4,2.70,true
CLOSEST_PAIR_EFFICIENT,TWO_D,10000,LOG_NORMAL,3,4,2.47,true
CLOSEST_PAIR_EFFICIENT,THREE_D,10000,LOG_NORMAL,1,6,4.66,true
CLOSEST_PAIR_EFFICIENT,THREE_D,10000,LOG_NORMAL,2,6,4.66,true
CLOSEST_PAIR_EFFICIENT,THREE_D,10000,LOG_NORMAL,3,6,4.56,true
CLOSEST_PAIR_KDTREE,TWO_D,10000,LOG_NORMAL,1,35,1.85,true
CLOSEST_PAIR_KDTREE,TWO_D,10000,LOG_NORMAL,2,35,26.62,true
CLOSEST_PAIR_KDTREE,TWO_D,10000,LOG_NORMAL,3,31,19.58,true
CLOSEST_PAIR_KDTREE,THREE_D,10000,LOG_NORMAL,1,46,2.33,true
CLOSEST_PAIR_KDTREE,THREE_D,10000,LOG_NORMAL,2,48,17.34,true
CLOSEST_PAIR_KDTREE,THREE_D,10000,LOG_NORMAL,3,43,24.33,true
CLOSEST_PAIR_ADAPTIVE,TWO_D,10000,LOG_NORMAL,1,33,26.63,true
CLOSEST_PAIR_ADAPTIVE,TWO_D,10000,LOG_NORMAL,2,31,19.58,true
CLOSEST_PAIR_ADAPTIVE,TWO_D,10000,LOG_NORMAL,3,31,11.64,true
CLOSEST_PAIR_ADAPTIVE,THREE_D,10000,LOG_NORMAL,1,43,2.36,true
CLOSEST_PAIR_ADAPTIVE,THREE_D,10000,LOG_NORMAL,2,43,17.34,true
CLOSEST_PAIR_ADAPTIVE,THREE_D,10000,LOG_NORMAL,3,42,24.33,true
DIAMETER_NAIVE,TWO_D,10000,LOG_NORMAL,1,741,0.50,true
DIAMETER_NAIVE,TWO_D,10000,LOG_NORMAL,2,741,0.35,true
DIAMETER_NAIVE,TWO_D,10000,LOG_NORMAL,3,748,0.35,true
DIAMETER_NAIVE,THREE_D,10000,LOG_NORMAL,1,52,0.31,true
DIAMETER_NAIVE,THREE_D,10000,LOG_NORMAL,2,52,0.31,true
DIAMETER_NAIVE,THREE_D,10000,LOG_NORMAL,3,52,0.31,true
DIAMETER_CONCURRENT,TWO_D,10000,LOG_NORMAL,1,1645,0.71,true
DIAMETER_CONCURRENT,TWO_D,10000,LOG_NORMAL,2,1647,0.51,true
DIAMETER_CONCURRENT,TWO_D,10000,LOG_NORMAL,3,1653,0.49,true
DIAMETER_CONCURRENT,THREE_D,10000,LOG_NORMAL,1,107,0.42,true
DIAMETER_CONCURRENT,THREE_D,10000,LOG_NORMAL,2,107,0.47,true
DIAMETER_CONCURRENT,THREE_D,10000,LOG_NORMAL,3,107,0.47,true
DIAMETER_QUICKHULL,TWO_D,10000,LOG_NORMAL,1,0,0.78,true
DIAMETER_QUICKHULL,TWO_D,10000,LOG_NORMAL,2,0,0.78,true
DIAMETER_QUICKHULL,TWO_D,10000,LOG_NORMAL,3,0,0.78,true
DIAMETER_QUICKHULL,THREE_D,10000,LOG_NORMAL,1,1,1.47,false
DIAMETER_QUICKHULL,THREE_D,10000,LOG_NORMAL,2,0,1.47,false
DIAMETER_QUICKHULL,THREE_D,10000,LOG_NORMAL,3,0,1.59,false
CLOSEST_PAIR_NAIVE,TWO_D,10000,RAYLEIGH,1,722,0.29,true
CLOSEST_PAIR_NAIVE,TWO_D,10000,RAYLEIGH,2,723,0.31,true
CLOSEST_PAIR_NAIVE,TWO_D,10000,RAYLEIGH,3,723,0.27,true
CLOSEST_PAIR_NAIVE,THREE_D,10000,RAYLEIGH,1,55,0.27,true
CLOSEST_PAIR_NAIVE,THREE_D,10000,RAYLEIGH,2,55,0.27,true
CLOSEST_PAIR_NAIVE,THREE_D,10000,RAYLEIGH,3,55,0.27,true
CLOSEST_PAIR_EFFICIENT,TWO_D,10000,RAYLEIGH,1,4,3.28,true
CLOSEST_PAIR_EFFICIENT,TWO_D,10000,RAYLEIGH,2,4,2.66,true
CLOSEST_PAIR_EFFICIENT,TWO_D,10000,RAYLEIGH,3,4,2.56,true
CLOSEST_PAIR_EFFICIENT,THREE_D,10000,RAYLEIGH,1,6,4.84,true
CLOSEST_PAIR_EFFICIENT,THREE_D,10000,RAYLEIGH,2,6,4.56,true
CLOSEST_PAIR_EFFICIENT,THREE_D,10000,RAYLEIGH,3,6,4.56,true
CLOSEST_PAIR_KDTREE,TWO_D,10000,RAYLEIGH,1,38,1.32,true
CLOSEST_PAIR_KDTREE,TWO_D,10000,RAYLEIGH,2,37,32.08,true
CLOSEST_PAIR_KDTREE,TWO_D,10000,RAYLEIGH,3,39,11.23,true
CLOSEST_PAIR_KDTREE,THREE_D,10000,RAYLEIGH,1,51,11.83,true
CLOSEST_PAIR_KDTREE,THREE_D,10000,RAYLEIGH,2,45,17.84,true
CLOSEST_PAIR_KDTREE,THREE_D,10000,RAYLEIGH,3,44,17.84,true
CLOSEST_PAIR_ADAPTIVE,TWO_D,10000,RAYLEIGH,1,36,26.22,true
CLOSEST_PAIR_ADAPTIVE,TWO_D,10000,RAYLEIGH,2,36,11.23,true
CLOSEST_PAIR_ADAPTIVE,TWO_D,10000,RAYLEIGH,3,34,19.10,true
CLOSEST_PAIR_ADAPTIVE,THREE_D,10000,RAYLEIGH,1,49,11.83,true
CLOSEST_PAIR_ADAPTIVE,THREE_D,10000,RAYLEIGH,2,49,17.84,true
CLOSEST_PAIR_ADAPTIVE,THREE_D,10000,RAYLEIGH,3,45,17.84,true
DIAMETER_NAIVE,TWO_D,10000,RAYLEIGH,1,758,0.55,true
DIAMETER_NAIVE,TWO_D,10000,RAYLEIGH,2,758,0.32,true
DIAMETER_NAIVE,TWO_D,10000,RAYLEIGH,3,890,0.36,true
DIAMETER_NAIVE,THREE_D,10000,RAYLEIGH,1,52,0.32,true
DIAMETER_NAIVE,THREE_D,10000,RAYLEIGH,2,52,0.32,true
DIAMETER_NAIVE,THREE_D,10000,RAYLEIGH,3,52,0.36,true
DIAMETER_CONCURRENT,TWO_D,10000,RAYLEIGH,1,1717,0.52,true
DIAMETER_CONCURRENT,TWO_D,10000,RAYLEIGH,2,1701,0.55,true
DIAMETER_CONCURRENT,TWO_D,10000,RAYLEIGH,3,1729,0.50,true
DIAMETER_CONCURRENT,THREE_D,10000,RAYLEIGH,1,110,0.43,true
DIAMETER_CONCURRENT,THREE_D,10000,RAYLEIGH,2,108,0.43,true
DIAMETER_CONCURRENT,THREE_D,10000,RAYLEIGH,3,108,0.48,true
DIAMETER_QUICKHULL,TWO_D,10000,RAYLEIGH,1,0,0.80,true
DIAMETER_QUICKHULL,TWO_D,10000,RAYLEIGH,2,0,0.64,true
DIAMETER_QUICKHULL,TWO_D,10000,RAYLEIGH,3,0,0.80,true
DIAMETER_QUICKHULL,THREE_D,10000,RAYLEIGH,1,1,1.48,false
DIAMETER_QUICKHULL,THREE_D,10000,RAYLEIGH,2,1,1.64,false
DIAMETER_QUICKHULL,THREE_D,10000,RAYLEIGH,3,1,1.60,false
CLOSEST_PAIR_NAIVE,TWO_D,20000,UNIFORM,1,2965,0.62,true
CLOSEST_PAIR_NAIVE,TWO_D,20000,UNIFORM,2,2938,0.35,true
CLOSEST_PAIR_NAIVE,TWO_D,20000,UNIFORM,3,2938,0.34,true
CLOSEST_PAIR_NAIVE,THREE_D,20000,UNIFORM,1,224,0.22,true
CLOSEST_PAIR_NAIVE,THREE_D,20000,UNIFORM,2,224,0.22,true
CLOSEST_PAIR_NAIVE,THREE_D,20000,UNIFORM,3,224,0.26,true
CLOSEST_PAIR_EFFICIENT,TWO_D,20000,UNIFORM,1,9,5.42,true
CLOSEST_PAIR_EFFICIENT,TWO_D,20000,UNIFORM,2,9,5.37,true
CLOSEST_PAIR_EFFICIENT,TWO_D,20000,UNIFORM,3,9,5.70,true
CLOSEST_PAIR_EFFICIENT,THREE_D,20000,UNIFORM,1,13,9.35,true
CLOSEST_PAIR_EFFICIENT,THREE_D,20000,UNIFORM,2,13,9.56,true
CLOSEST_PAIR_EFFICIENT,THREE_D,20000,UNIFORM,3,13,9.56,true
CLOSEST_PAIR_KDTREE,TWO_D,20000,UNIFORM,1,76,15.14,true
CLOSEST_PAIR_KDTREE,TWO_D,20000,UNIFORM,2,77,40.18,true
CLOSEST_PAIR_KDTREE,TWO_D,20000,UNIFORM,3,73,33.69,true
CLOSEST_PAIR_KDTREE,THREE_D,20000,UNIFORM,1,97,13.72,true
CLOSEST_PAIR_KDTREE,THREE_D,20000,UNIFORM,2,97,36.71,true
CLOSEST_PAIR_KDTREE,THREE_D,20000,UNIFORM,3,97,30.71,true
CLOSEST_PAIR_ADAPTIVE,TWO_D,20000,UNIFORM,1,16,13.00,true
CLOSEST_PAIR_ADAPTIVE,TWO_D,20000,UNIFORM,2,5,2.36,true
CLOSEST_PAIR_ADAPTIVE,TWO_D,20000,UNIFORM,3,10,13.00,true
CLOSEST_PAIR_ADAPTIVE,THREE_D,20000,UNIFORM,1,102,39.71,true
CLOSEST_PAIR_ADAPTIVE,THREE_D,20000,UNIFORM,2,100,36.71,true
CLOSEST_PAIR_ADAPTIVE,THREE_D,20000,UNIFORM,3,99,25.72,true
DIAMETER_NAIVE,TWO_D,20000,UNIFORM,1,3081,0.62,true
DIAMETER_NAIVE,TWO_D,20000,UNIFORM,2,3081,0.45,true
DIAMETER_NAIVE,TWO_D,20000,UNIFORM,3,3082,0.45,true
DIAMETER_NAIVE,THREE_D,20000,UNIFORM,1,213,0.35,false
DIAMETER_NAIVE,THREE_D,20000,UNIFORM,2,212,0.35,false
DIAMETER_NAIVE,THREE_D,20000,UNIFORM,3,213,0.35,false
DIAMETER_CONCURRENT,TWO_D,20000,UNIFORM,1,5270,0.91,true
DIAMETER_CONCURRENT,TWO_D,20000,UNIFORM,2,5196,0.88,true
DIAMETER_CONCURRENT,TWO_D,20000,UNIFORM,3,5163,0.77,true
DIAMETER_CONCURRENT,THREE_D,20000,UNIFORM,1,236,0.59,false
DIAMETER_CONCURRENT,THREE_D,20000,UNIFORM,2,236,0.71,false
DIAMETER_CONCURRENT,THREE_D,20000,UNIFORM,3,232,0.74,false
DIAMETER_QUICKHULL,TWO_D,20000,UNIFORM,1,0,1.27,true
DIAMETER_QUICKHULL,TWO_D,20000,UNIFORM,2,0,1.36,true
DIAMETER_QUICKHULL,TWO_D,20000,UNIFORM,3,0,1.54,true
DIAMETER_QUICKHULL,THREE_D,20000,UNIFORM,1,2,2.79,true
DIAMETER_QUICKHULL,THREE_D,20000,UNIFORM,2,2,2.82,true
DIAMETER_QUICKHULL,THREE_D,20000,UNIFORM,3,2,2.88,true
CLOSEST_PAIR_NAIVE,TWO_D,20000,GAUSSIAN,1,2822,0.62,true
CLOSEST_PAIR_NAIVE,TWO_D,20000,GAUSSIAN,2,2866,0.35,true
CLOSEST_PAIR_NAIVE,TWO_D,20000,GAUSSIAN,3,2816,0.40,true
CLOSEST_PAIR_NAIVE,THREE_D,20000,GAUSSIAN,1,255,0.31,true
CLOSEST_PAIR_NAIVE,THREE_D,20000,GAUSSIAN,2,256,0.28,true
CLOSEST_PAIR_NAIVE,THREE_D,20000,GAUSSIAN,3,255,0.28,true
CLOSEST_PAIR_EFFICIENT,TWO_D,20000,GAUSSIAN,1,9,5.48,true
CLOSEST_PAIR_EFFICIENT,TWO_D,20000,GAUSSIAN,2,9,5.48,true
CLOSEST_PAIR_EFFICIENT,TWO_D,20000,GAUSSIAN,3,9,5.96,true
CLOSEST_PAIR_EFFICIENT,THREE_D,20000,GAUSSIAN,1,14,10.00,true
CLOSEST_PAIR_EFFICIENT,THREE_D,20000,GAUSSIAN,2,13,9.64,true
CLOSEST_PAIR_EFFICIENT,THREE_D,20000,GAUSSIAN,3,14,9.64,true
CLOSEST_PAIR_KDTREE,TWO_D,20000,GAUSSIAN,1,79,22.64,true
CLOSEST_PAIR_KDTREE,TWO_D,20000,GAUSSIAN,2,78,36.15,true
CLOSEST_PAIR_KDTREE,TWO_D,20000,GAUSSIAN,3,74,36.14,true
CLOSEST_PAIR_KDTREE,THREE_D,20000,GAUSSIAN,1,104,32.66,true
CLOSEST_PAIR_KDTREE,THREE_D,20000,GAUSSIAN,2,101,44.72,true
CLOSEST_PAIR_KDTREE,THREE_D,20000,GAUSSIAN,3,104,49.71,true
CLOSEST_PAIR_ADAPTIVE,TWO_D,20000,GAUSSIAN,1,74,8.18,true
CLOSEST_PAIR_ADAPTIVE,TWO_D,20000,GAUSSIAN,2,74,30.17,true
CLOSEST_PAIR_ADAPTIVE,TWO_D,20000,GAUSSIAN,3,76,7.17,true
CLOSEST_PAIR_ADAPTIVE,THREE_D,20000,GAUSSIAN,1,104,49.71,true
CLOSEST_PAIR_ADAPTIVE,THREE_D,20000,GAUSSIAN,2,103,18.73,true
CLOSEST_PAIR_ADAPTIVE,THREE_D,20000,GAUSSIAN,3,102,44.72,true
DIAMETER_NAIVE,TWO_D,20000,GAUSSIAN,1,2968,0.60,true
DIAMETER_NAIVE,TWO_D,20000,GAUSSIAN,2,2967,0.46,true
DIAMETER_NAIVE,TWO_D,20000,GAUSSIAN,3,3189,0.46,true
DIAMETER_NAIVE,THREE_D,20000,GAUSSIAN,1,259,0.39,false
DIAMETER_NAIVE,THREE_D,20000,GAUSSIAN,2,260,0.36,false
DIAMETER_NAIVE,THREE_D,20000,GAUSSIAN,3,260,0.36,false
DIAMETER_CONCURRENT,TWO_D,20000,GAUSSIAN,1,5063,0.88,true
DIAMETER_CONCURRENT,TWO_D,20000,GAUSSIAN,2,5142,0.88,true
DIAMETER_CONCURRENT,TWO_D,20000,GAUSSIAN,3,5021,0.89,true
DIAMETER_CONCURRENT,THREE_D,20000,GAUSSIAN,1,314,0.63,false
DIAMETER_CONCURRENT,THREE_D,20000,GAUSSIAN,2,330,0.60,false
DIAMETER_CONCURRENT,THREE_D,20000,GAUSSIAN,3,329,0.72,false
DIAMETER_QUICKHULL,TWO_D,20000,GAUSSIAN,1,0,1.06,true
DIAMETER_QUICKHULL,TWO_D,20000,GAUSSIAN,2,0,1.18,true
DIAMETER_QUICKHULL,TWO_D,20000,GAUSSIAN,3,0,1.00,true
DIAMETER_QUICKHULL,THREE_D,20000,GAUSSIAN,1,1,2.83,true
DIAMETER_QUICKHULL,THREE_D,20000,GAUSSIAN,2,1,2.89,true
DIAMETER_QUICKHULL,THREE_D,20000,GAUSSIAN,3,1,2.89,true
CLOSEST_PAIR_NAIVE,TWO_D,20000,EXPONENTIAL,1,2692,0.60,true
CLOSEST_PAIR_NAIVE,TWO_D,20000,EXPONENTIAL,2,2733,0.36,true
CLOSEST_PAIR_NAIVE,TWO_D,20000,EXPONENTIAL,3,2701,0.36,true
CLOSEST_PAIR_NAIVE,THREE_D,20000,EXPONENTIAL,1,226,0.26,true
CLOSEST_PAIR_NAIVE,THREE_D,20000,EXPONENTIAL,2,227,0.26,true
CLOSEST_PAIR_NAIVE,THREE_D,20000,EXPONENTIAL,3,226,0.26,true
CLOSEST_PAIR_EFFICIENT,TWO_D,20000,EXPONENTIAL,1,8,5.48,true
CLOSEST_PAIR_EFFICIENT,TWO_D,20000,EXPONENTIAL,2,8,5.34,true
CLOSEST_PAIR_EFFICIENT,TWO_D,20000,EXPONENTIAL,3,8,5.32,true
CLOSEST_PAIR_EFFICIENT,THREE_D,20000,EXPONENTIAL,1,13,9.32,true
CLOSEST_PAIR_EFFICIENT,THREE_D,20000,EXPONENTIAL,2,13,9.32,true
CLOSEST_PAIR_EFFICIENT,THREE_D,20000,EXPONENTIAL,3,13,9.16,true
CLOSEST_PAIR_KDTREE,TWO_D,20000,EXPONENTIAL,1,78,13.17,true
CLOSEST_PAIR_KDTREE,TWO_D,20000,EXPONENTIAL,2,80,43.14,true
CLOSEST_PAIR_KDTREE,TWO_D,20000,EXPONENTIAL,3,73,43.14,true
CLOSEST_PAIR_KDTREE,THREE_D,20000,EXPONENTIAL,1,98,21.16,true
CLOSEST_PAIR_KDTREE,THREE_D,20000,EXPONENTIAL,2,98,33.22,true
CLOSEST_PAIR_KDTREE,THREE_D,20000,EXPONENTIAL,3,98,38.21,true
CLOSEST_PAIR_ADAPTIVE,TWO_D,20000,EXPONENTIAL,1,75,8.67,true
CLOSEST_PAIR_ADAPTIVE,TWO_D,20000,EXPONENTIAL,2,72,42.69,true
CLOSEST_PAIR_ADAPTIVE,TWO_D,20000,EXPONENTIAL,3,73,42.64,true
CLOSEST_PAIR_ADAPTIVE,THREE_D,20000,EXPONENTIAL,1,98,21.22,true
CLOSEST_PAIR_ADAPTIVE,THREE_D,20000,EXPONENTIAL,2,100,33.22,true
CLOSEST_PAIR_ADAPTIVE,THREE_D,20000,EXPONENTIAL,3,97,38.21,true
DIAMETER_NAIVE,TWO_D,20000,EXPONENTIAL,1,2834,0.60,true
DIAMETER_NAIVE,TWO_D,20000,EXPONENTIAL,2,2838,0.42,true
DIAMETER_NAIVE,TWO_D,20000,EXPONENTIAL,3,2834,0.42,true
DIAMETER_NAIVE,THREE_D,20000,EXPONENTIAL,1,219,0.31,false
DIAMETER_NAIVE,THREE_D,20000,EXPONENTIAL,2,219,0.31,false
DIAMETER_NAIVE,THREE_D,20000,EXPONENTIAL,3,219,0.35,false
DIAMETER_CONCURRENT,TWO_D,20000,EXPONENTIAL,1,4803,0.78,true
DIAMETER_CONCURRENT,TWO_D,20000,EXPONENTIAL,2,4800,0.69,true
DIAMETER_CONCURRENT,TWO_D,20000,EXPONENTIAL,3,4830,0.69,true
DIAMETER_CONCURRENT,THREE_D,20000,EXPONENTIAL,1,232,0.53,false
DIAMETER_CONCURRENT,THREE_D,20000,EXPONENTIAL,2,232,0.64,false
DIAMETER_CONCURRENT,THREE_D,20000,EXPONENTIAL,3,232,0.68,false
DIAMETER_QUICKHULL,TWO_D,20000,EXPONENTIAL,1,0,1.08,true
DIAMETER_QUICKHULL,TWO_D,20000,EXPONENTIAL,2,0,1.08,true
DIAMETER_QUICKHULL,TWO_D,20000,EXPONENTIAL,3,0,1.08,true
DIAMETER_QUICKHULL,THREE_D,20000,EXPONENTIAL,1,2,2.79,true
DIAMETER_QUICKHULL,THREE_D,20000,EXPONENTIAL,2,1,2.79,true
DIAMETER_QUICKHULL,THREE_D,20000,EXPONENTIAL,3,1,2.95,true
CLOSEST_PAIR_NAIVE,TWO_D,20000,LOG_NORMAL,1,2758,0.57,true
CLOSEST_PAIR_NAIVE,TWO_D,20000,LOG_NORMAL,2,2884,0.35,true
CLOSEST_PAIR_NAIVE,TWO_D,20000,LOG_NORMAL,3,2759,0.34,true
CLOSEST_PAIR_NAIVE,THREE_D,20000,LOG_NORMAL,1,219,0.24,true
CLOSEST_PAIR_NAIVE,THREE_D,20000,LOG_NORMAL,2,219,0.27,true
CLOSEST_PAIR_NAIVE,THREE_D,20000,LOG_NORMAL,3,219,0.24,true
CLOSEST_PAIR_EFFICIENT,TWO_D,20000,LOG_NORMAL,1,9,5.39,true
CLOSEST_PAIR_EFFICIENT,TWO_D,20000,LOG_NORMAL,2,9,5.26,true
CLOSEST_PAIR_EFFICIENT,TWO_D,20000,LOG_NORMAL,3,9,5.00,true
CLOSEST_PAIR_EFFICIENT,THREE_D,20000,LOG_NORMAL,1,13,9.52,true
CLOSEST_PAIR_EFFICIENT,THREE_D,20000,LOG_NORMAL,2,13,9.52,true
CLOSEST_PAIR_EFFICIENT,THREE_D,20000,LOG_NORMAL,3,13,9.65,true
CLOSEST_PAIR_KDTREE,TWO_D,20000,LOG_NORMAL,1,77,17.63,true
CLOSEST_PAIR_KDTREE,TWO_D,20000,LOG_NORMAL,2,74,40.63,true
CLOSEST_PAIR_KDTREE,TWO_D,20000,LOG_NORMAL,3,72,34.17,true
CLOSEST_PAIR_KDTREE,THREE_D,20000,LOG_NORMAL,1,99,24.72,true
CLOSEST_PAIR_KDTREE,THREE_D,20000,LOG_NORMAL,2,104,28.72,true
CLOSEST_PAIR_KDTREE,THREE_D,20000,LOG_NORMAL,3,101,39.71,true
CLOSEST_PAIR_ADAPTIVE,TWO_D,20000,LOG_NORMAL,1,73,46.68,true
CLOSEST_PAIR_ADAPTIVE,TWO_D,20000,LOG_NORMAL,2,73,25.67,true
CLOSEST_PAIR_ADAPTIVE,TWO_D,20000,LOG_NORMAL,3,74,40.67,true
CLOSEST_PAIR_ADAPTIVE,THREE_D,20000,LOG_NORMAL,1,98,16.72,true
CLOSEST_PAIR_ADAPTIVE,THREE_D,20000,LOG_NORMAL,2,98,39.71,true
CLOSEST_PAIR_ADAPTIVE,THREE_D,20000,LOG_NORMAL,3,99,39.71,true
DIAMETER_NAIVE,TWO_D,20000,LOG_NORMAL,1,2894,0.60,true
DIAMETER_NAIVE,TWO_D,20000,LOG_NORMAL,2,2898,0.42,true
DIAMETER_NAIVE,TWO_D,20000,LOG_NORMAL,3,2903,0.42,true
DIAMETER_NAIVE,THREE_D,20000,LOG_NORMAL,1,204,0.32,false
DIAMETER_NAIVE,THREE_D,20000,LOG_NORMAL,2,208,0.32,false
DIAMETER_NAIVE,THREE_D,20000,LOG_NORMAL,3,292,0.32,false
DIAMETER_CONCURRENT,TWO_D,20000,LOG_NORMAL,1,4920,0.80,true
DIAMETER_CONCURRENT,TWO_D,20000,LOG_NORMAL,2,5026,0.80,true
DIAMETER_CONCURRENT,TWO_D,20000,LOG_NORMAL,3,5257,0.84,true
DIAMETER_CONCURRENT,THREE_D,20000,LOG_NORMAL,1,229,0.53,false
DIAMETER_CONCURRENT,THREE_D,20000,LOG_NORMAL,2,221,0.64,false
DIAMETER_CONCURRENT,THREE_D,20000,LOG_NORMAL,3,233,0.64,false
DIAMETER_QUICKHULL,TWO_D,20000,LOG_NORMAL,1,1,1.08,true
DIAMETER_QUICKHULL,TWO_D,20000,LOG_NORMAL,2,0,1.16,true
DIAMETER_QUICKHULL,TWO_D,20000,LOG_NORMAL,3,0,1.16,true
DIAMETER_QUICKHULL,THREE_D,20000,LOG_NORMAL,1,4,2.79,true
DIAMETER_QUICKHULL,THREE_D,20000,LOG_NORMAL,2,2,2.79,true
DIAMETER_QUICKHULL,THREE_D,20000,LOG_NORMAL,3,1,2.79,true
CLOSEST_PAIR_NAIVE,TWO_D,20000,RAYLEIGH,1,2897,0.60,true
CLOSEST_PAIR_NAIVE,TWO_D,20000,RAYLEIGH,2,2842,0.41,true
CLOSEST_PAIR_NAIVE,TWO_D,20000,RAYLEIGH,3,2838,0.41,true
CLOSEST_PAIR_NAIVE,THREE_D,20000,RAYLEIGH,1,218,0.31,true
CLOSEST_PAIR_NAIVE,THREE_D,20000,RAYLEIGH,2,218,0.31,true
CLOSEST_PAIR_NAIVE,THREE_D,20000,RAYLEIGH,3,219,0.35,true
CLOSEST_PAIR_EFFICIENT,TWO_D,20000,RAYLEIGH,1,9,5.64,true
CLOSEST_PAIR_EFFICIENT,TWO_D,20000,RAYLEIGH,2,9,5.32,true
CLOSEST_PAIR_EFFICIENT,TWO_D,20000,RAYLEIGH,3,9,5.32,true
CLOSEST_PAIR_EFFICIENT,THREE_D,20000,RAYLEIGH,1,13,9.64,true
CLOSEST_PAIR_EFFICIENT,THREE_D,20000,RAYLEIGH,2,13,9.43,true
CLOSEST_PAIR_EFFICIENT,THREE_D,20000,RAYLEIGH,3,13,9.44,true
CLOSEST_PAIR_KDTREE,TWO_D,20000,RAYLEIGH,1,77,3.16,true
CLOSEST_PAIR_KDTREE,TWO_D,20000,RAYLEIGH,2,75,33.14,true
CLOSEST_PAIR_KDTREE,TWO_D,20000,RAYLEIGH,3,72,33.13,true
CLOSEST_PAIR_KDTREE,THREE_D,20000,RAYLEIGH,1,98,17.72,true
CLOSEST_PAIR_KDTREE,THREE_D,20000,RAYLEIGH,2,99,29.72,true
CLOSEST_PAIR_KDTREE,THREE_D,20000,RAYLEIGH,3,98,34.71,true
CLOSEST_PAIR_ADAPTIVE,TWO_D,20000,RAYLEIGH,1,72,45.21,true
CLOSEST_PAIR_ADAPTIVE,TWO_D,20000,RAYLEIGH,2,73,16.13,true
CLOSEST_PAIR_ADAPTIVE,TWO_D,20000,RAYLEIGH,3,74,33.18,true
CLOSEST_PAIR_ADAPTIVE,THREE_D,20000,RAYLEIGH,1,100,17.72,true
CLOSEST_PAIR_ADAPTIVE,THREE_D,20000,RAYLEIGH,2,100,29.72,true
CLOSEST_PAIR_ADAPTIVE,THREE_D,20000,RAYLEIGH,3,99,34.71,true
DIAMETER_NAIVE,TWO_D,20000,RAYLEIGH,1,2970,0.64,true
DIAMETER_NAIVE,TWO_D,20000,RAYLEIGH,2,2967,0.45,true
DIAMETER_NAIVE,TWO_D,20000,RAYLEIGH,3,2982,0.45,true
DIAMETER_NAIVE,THREE_D,20000,RAYLEIGH,1,204,0.35,false
DIAMETER_NAIVE,THREE_D,20000,RAYLEIGH,2,203,0.35,false
DIAMETER_NAIVE,THREE_D,20000,RAYLEIGH,3,203,0.35,false
DIAMETER_CONCURRENT,TWO_D,20000,RAYLEIGH,1,4978,0.88,true
DIAMETER_CONCURRENT,TWO_D,20000,RAYLEIGH,2,5110,0.88,true
DIAMETER_CONCURRENT,TWO_D,20000,RAYLEIGH,3,4980,0.88,true
DIAMETER_CONCURRENT,THREE_D,20000,RAYLEIGH,1,229,0.59,false
DIAMETER_CONCURRENT,THREE_D,20000,RAYLEIGH,2,222,0.75,false
DIAMETER_CONCURRENT,THREE_D,20000,RAYLEIGH,3,230,0.71,false
DIAMETER_QUICKHULL,TWO_D,20000,RAYLEIGH,1,0,1.30,true
DIAMETER_QUICKHULL,TWO_D,20000,RAYLEIGH,2,0,1.02,true
DIAMETER_QUICKHULL,TWO_D,20000,RAYLEIGH,3,0,1.22,true
DIAMETER_QUICKHULL,THREE_D,20000,RAYLEIGH,1,2,2.79,true
DIAMETER_QUICKHULL,THREE_D,20000,RAYLEIGH,2,2,2.82,true
DIAMETER_QUICKHULL,THREE_D,20000,RAYLEIGH,3,1,2.88,true
CLOSEST_PAIR_NAIVE,TWO_D,30000,UNIFORM,1,6563,0.73,true
CLOSEST_PAIR_NAIVE,TWO_D,30000,UNIFORM,2,6561,0.48,true
CLOSEST_PAIR_NAIVE,TWO_D,30000,UNIFORM,3,6563,0.51,true
CLOSEST_PAIR_NAIVE,THREE_D,30000,UNIFORM,1,572,0.28,true
CLOSEST_PAIR_NAIVE,THREE_D,30000,UNIFORM,2,573,0.32,true
CLOSEST_PAIR_NAIVE,THREE_D,30000,UNIFORM,3,572,0.28,true
CLOSEST_PAIR_EFFICIENT,TWO_D,30000,UNIFORM,1,14,8.68,true
CLOSEST_PAIR_EFFICIENT,TWO_D,30000,UNIFORM,2,14,8.51,true
CLOSEST_PAIR_EFFICIENT,TWO_D,30000,UNIFORM,3,14,8.68,true
CLOSEST_PAIR_EFFICIENT,THREE_D,30000,UNIFORM,1,22,15.46,true
CLOSEST_PAIR_EFFICIENT,THREE_D,30000,UNIFORM,2,21,15.68,true
CLOSEST_PAIR_EFFICIENT,THREE_D,30000,UNIFORM,3,22,15.68,true
CLOSEST_PAIR_KDTREE,TWO_D,30000,UNIFORM,1,135,31.98,true
CLOSEST_PAIR_KDTREE,TWO_D,30000,UNIFORM,2,120,21.50,true
CLOSEST_PAIR_KDTREE,TWO_D,30000,UNIFORM,3,120,1.50,true
CLOSEST_PAIR_KDTREE,THREE_D,30000,UNIFORM,1,157,52.99,true
CLOSEST_PAIR_KDTREE,THREE_D,30000,UNIFORM,2,154,40.00,true
CLOSEST_PAIR_KDTREE,THREE_D,30000,UNIFORM,3,156,23.09,true
CLOSEST_PAIR_ADAPTIVE,TWO_D,30000,UNIFORM,1,12,1.00,true
CLOSEST_PAIR_ADAPTIVE,TWO_D,30000,UNIFORM,2,12,1.00,true
CLOSEST_PAIR_ADAPTIVE,TWO_D,30000,UNIFORM,3,12,1.00,true
CLOSEST_PAIR_ADAPTIVE,THREE_D,30000,UNIFORM,1,157,24.00,true
CLOSEST_PAIR_ADAPTIVE,THREE_D,30000,UNIFORM,2,154,9.00,true
CLOSEST_PAIR_ADAPTIVE,THREE_D,30000,UNIFORM,3,153,33.59,true
DIAMETER_NAIVE,TWO_D,30000,UNIFORM,1,6939,0.73,true
DIAMETER_NAIVE,TWO_D,30000,UNIFORM,2,6901,0.85,true
DIAMETER_NAIVE,TWO_D,30000,UNIFORM,3,6925,0.67,true
DIAMETER_NAIVE,THREE_D,30000,UNIFORM,1,746,0.43,false
DIAMETER_NAIVE,THREE_D,30000,UNIFORM,2,579,0.47,false
DIAMETER_NAIVE,THREE_D,30000,UNIFORM,3,580,0.47,false
DIAMETER_CONCURRENT,TWO_D,30000,UNIFORM,1,8904,1.29,true
DIAMETER_CONCURRENT,TWO_D,30000,UNIFORM,2,9018,1.31,true
DIAMETER_CONCURRENT,TWO_D,30000,UNIFORM,3,8995,1.31,true
DIAMETER_CONCURRENT,THREE_D,30000,UNIFORM,1,329,1.00,false
DIAMETER_CONCURRENT,THREE_D,30000,UNIFORM,2,326,1.22,false
DIAMETER_CONCURRENT,THREE_D,30000,UNIFORM,3,333,1.00,false
DIAMETER_QUICKHULL,TWO_D,30000,UNIFORM,1,2,2.11,true
DIAMETER_QUICKHULL,TWO_D,30000,UNIFORM,2,1,2.14,true
DIAMETER_QUICKHULL,TWO_D,30000,UNIFORM,3,1,2.16,true
DIAMETER_QUICKHULL,THREE_D,30000,UNIFORM,1,3,3.98,true
DIAMETER_QUICKHULL,THREE_D,30000,UNIFORM,2,3,4.00,true
DIAMETER_QUICKHULL,THREE_D,30000,UNIFORM,3,2,3.99,true
CLOSEST_PAIR_NAIVE,TWO_D,30000,GAUSSIAN,1,6298,0.73,true
CLOSEST_PAIR_NAIVE,TWO_D,30000,GAUSSIAN,2,6292,0.56,true
CLOSEST_PAIR_NAIVE,TWO_D,30000,GAUSSIAN,3,6286,0.56,true
CLOSEST_PAIR_NAIVE,THREE_D,30000,GAUSSIAN,1,582,0.39,true
CLOSEST_PAIR_NAIVE,THREE_D,30000,GAUSSIAN,2,581,0.35,true
CLOSEST_PAIR_NAIVE,THREE_D,30000,GAUSSIAN,3,581,0.39,true
CLOSEST_PAIR_EFFICIENT,TWO_D,30000,GAUSSIAN,1,14,8.67,true
CLOSEST_PAIR_EFFICIENT,TWO_D,30000,GAUSSIAN,2,14,8.70,true
CLOSEST_PAIR_EFFICIENT,TWO_D,30000,GAUSSIAN,3,14,8.94,true
CLOSEST_PAIR_EFFICIENT,THREE_D,30000,GAUSSIAN,1,21,16.00,true
CLOSEST_PAIR_EFFICIENT,THREE_D,30000,GAUSSIAN,2,21,15.67,true
CLOSEST_PAIR_EFFICIENT,THREE_D,30000,GAUSSIAN,3,21,15.60,true
CLOSEST_PAIR_KDTREE,TWO_D,30000,GAUSSIAN,1,131,21.00,true
CLOSEST_PAIR_KDTREE,TWO_D,30000,GAUSSIAN,2,122,44.00,true
CLOSEST_PAIR_KDTREE,TWO_D,30000,GAUSSIAN,3,120,8.00,true
CLOSEST_PAIR_KDTREE,THREE_D,30000,GAUSSIAN,1,167,49.09,true
CLOSEST_PAIR_KDTREE,THREE_D,30000,GAUSSIAN,2,162,46.09,true
CLOSEST_PAIR_KDTREE,THREE_D,30000,GAUSSIAN,3,162,9.00,true
CLOSEST_PAIR_ADAPTIVE,TWO_D,30000,GAUSSIAN,1,119,32.00,true
CLOSEST_PAIR_ADAPTIVE,TWO_D,30000,GAUSSIAN,2,123,44.00,true
CLOSEST_PAIR_ADAPTIVE,TWO_D,30000,GAUSSIAN,3,119,12.00,true
CLOSEST_PAIR_ADAPTIVE,THREE_D,30000,GAUSSIAN,1,166,63.00,true
CLOSEST_PAIR_ADAPTIVE,THREE_D,30000,GAUSSIAN,2,163,7.00,true
CLOSEST_PAIR_ADAPTIVE,THREE_D,30000,GAUSSIAN,3,167,19.00,true
DIAMETER_NAIVE,TWO_D,30000,GAUSSIAN,1,6586,0.70,true
DIAMETER_NAIVE,TWO_D,30000,GAUSSIAN,2,6589,0.63,true
DIAMETER_NAIVE,TWO_D,30000,GAUSSIAN,3,6730,0.63,true
DIAMETER_NAIVE,THREE_D,30000,GAUSSIAN,1,593,0.40,false
DIAMETER_NAIVE,THREE_D,30000,GAUSSIAN,2,595,0.44,false
DIAMETER_NAIVE,THREE_D,30000,GAUSSIAN,3,594,0.40,false
DIAMETER_CONCURRENT,TWO_D,30000,GAUSSIAN,1,8406,1.36,true
DIAMETER_CONCURRENT,TWO_D,30000,GAUSSIAN,2,8425,1.33,true
DIAMETER_CONCURRENT,TWO_D,30000,GAUSSIAN,3,8467,1.16,true
DIAMETER_CONCURRENT,THREE_D,30000,GAUSSIAN,1,334,0.93,false
DIAMETER_CONCURRENT,THREE_D,30000,GAUSSIAN,2,355,1.20,false
DIAMETER_CONCURRENT,THREE_D,30000,GAUSSIAN,3,396,1.20,false
DIAMETER_QUICKHULL,TWO_D,30000,GAUSSIAN,1,1,1.42,true
DIAMETER_QUICKHULL,TWO_D,30000,GAUSSIAN,2,0,1.35,true
DIAMETER_QUICKHULL,TWO_D,30000,GAUSSIAN,3,0,1.35,true
DIAMETER_QUICKHULL,THREE_D,30000,GAUSSIAN,1,2,4.00,true
DIAMETER_QUICKHULL,THREE_D,30000,GAUSSIAN,2,2,4.00,true
DIAMETER_QUICKHULL,THREE_D,30000,GAUSSIAN,3,2,4.00,true
CLOSEST_PAIR_NAIVE,TWO_D,30000,EXPONENTIAL,1,6010,0.70,true
CLOSEST_PAIR_NAIVE,TWO_D,30000,EXPONENTIAL,2,5996,0.53,true
CLOSEST_PAIR_NAIVE,TWO_D,30000,EXPONENTIAL,3,6049,0.52,true
CLOSEST_PAIR_NAIVE,THREE_D,30000,EXPONENTIAL,1,562,0.32,false
CLOSEST_PAIR_NAIVE,THREE_D,30000,EXPONENTIAL,2,562,0.35,false
CLOSEST_PAIR_NAIVE,THREE_D,30000,EXPONENTIAL,3,561,0.35,false
CLOSEST_PAIR_EFFICIENT,TWO_D,30000,EXPONENTIAL,1,13,7.88,true
CLOSEST_PAIR_EFFICIENT,TWO_D,30000,EXPONENTIAL,2,13,8.00,true
CLOSEST_PAIR_EFFICIENT,TWO_D,30000,EXPONENTIAL,3,13,7.98,true
CLOSEST_PAIR_EFFICIENT,THREE_D,30000,EXPONENTIAL,1,21,14.96,true
CLOSEST_PAIR_EFFICIENT,THREE_D,30000,EXPONENTIAL,2,20,14.92,true
CLOSEST_PAIR_EFFICIENT,THREE_D,30000,EXPONENTIAL,3,20,14.72,true
CLOSEST_PAIR_KDTREE,TWO_D,30000,EXPONENTIAL,1,130,59.46,true
CLOSEST_PAIR_KDTREE,TWO_D,30000,EXPONENTIAL,2,120,49.00,true
CLOSEST_PAIR_KDTREE,TWO_D,30000,EXPONENTIAL,3,118,41.00,true
CLOSEST_PAIR_KDTREE,THREE_D,30000,EXPONENTIAL,1,156,31.50,false
CLOSEST_PAIR_KDTREE,THREE_D,30000,EXPONENTIAL,2,155,47.50,false
CLOSEST_PAIR_KDTREE,THREE_D,30000,EXPONENTIAL,3,159,17.50,false
CLOSEST_PAIR_ADAPTIVE,TWO_D,30000,EXPONENTIAL,1,119,2.00,true
CLOSEST_PAIR_ADAPTIVE,TWO_D,30000,EXPONENTIAL,2,119,24.00,true
CLOSEST_PAIR_ADAPTIVE,TWO_D,30000,EXPONENTIAL,3,118,45.00,true
CLOSEST_PAIR_ADAPTIVE,THREE_D,30000,EXPONENTIAL,1,155,52.50,false
CLOSEST_PAIR_ADAPTIVE,THREE_D,30000,EXPONENTIAL,2,155,31.50,false
CLOSEST_PAIR_ADAPTIVE,THREE_D,30000,EXPONENTIAL,3,156,16.50,false
DIAMETER_NAIVE,TWO_D,30000,EXPONENTIAL,1,6315,0.73,true
DIAMETER_NAIVE,TWO_D,30000,EXPONENTIAL,2,6464,0.60,true
DIAMETER_NAIVE,TWO_D,30000,EXPONENTIAL,3,6328,0.60,true
DIAMETER_NAIVE,THREE_D,30000,EXPONENTIAL,1,563,0.44,false
DIAMETER_NAIVE,THREE_D,30000,EXPONENTIAL,2,563,0.44,false
DIAMETER_NAIVE,THREE_D,30000,EXPONENTIAL,3,562,0.40,false
DIAMETER_CONCURRENT,TWO_D,30000,EXPONENTIAL,1,8031,1.33,true
DIAMETER_CONCURRENT,TWO_D,30000,EXPONENTIAL,2,8068,1.33,true
DIAMETER_CONCURRENT,TWO_D,30000,EXPONENTIAL,3,8066,1.13,true
DIAMETER_CONCURRENT,THREE_D,30000,EXPONENTIAL,1,327,0.97,false
DIAMETER_CONCURRENT,THREE_D,30000,EXPONENTIAL,2,333,0.93,false
DIAMETER_CONCURRENT,THREE_D,30000,EXPONENTIAL,3,392,1.20,false
DIAMETER_QUICKHULL,TWO_D,30000,EXPONENTIAL,1,1,1.99,true
DIAMETER_QUICKHULL,TWO_D,30000,EXPONENTIAL,2,1,2.01,true
DIAMETER_QUICKHULL,TWO_D,30000,EXPONENTIAL,3,1,1.86,true
DIAMETER_QUICKHULL,THREE_D,30000,EXPONENTIAL,1,3,3.93,true
DIAMETER_QUICKHULL,THREE_D,30000,EXPONENTIAL,2,2,3.93,true
DIAMETER_QUICKHULL,THREE_D,30000,EXPONENTIAL,3,2,4.00,true
CLOSEST_PAIR_NAIVE,TWO_D,30000,LOG_NORMAL,1,7257,0.79,true
CLOSEST_PAIR_NAIVE,TWO_D,30000,LOG_NORMAL,2,6638,0.46,true
CLOSEST_PAIR_NAIVE,TWO_D,30000,LOG_NORMAL,3,6379,0.48,true
CLOSEST_PAIR_NAIVE,THREE_D,30000,LOG_NORMAL,1,621,0.25,true
CLOSEST_PAIR_NAIVE,THREE_D,30000,LOG_NORMAL,2,579,0.29,true
CLOSEST_PAIR_NAIVE,THREE_D,30000,LOG_NORMAL,3,512,0.25,true
CLOSEST_PAIR_EFFICIENT,TWO_D,30000,LOG_NORMAL,1,14,8.72,true
CLOSEST_PAIR_EFFICIENT,TWO_D,30000,LOG_NORMAL,2,13,8.54,true
CLOSEST_PAIR_EFFICIENT,TWO_D,30000,LOG_NORMAL,3,13,8.36,true
CLOSEST_PAIR_EFFICIENT,THREE_D,30000,LOG_NORMAL,1,21,15.54,true
CLOSEST_PAIR_EFFICIENT,THREE_D,30000,LOG_NORMAL,2,21,15.36,true
CLOSEST_PAIR_EFFICIENT,THREE_D,30000,LOG_NORMAL,3,21,15.72,true
CLOSEST_PAIR_KDTREE,TWO_D,30000,LOG_NORMAL,1,129,35.00,true
CLOSEST_PAIR_KDTREE,TWO_D,30000,LOG_NORMAL,2,116,24.50,true
CLOSEST_PAIR_KDTREE,TWO_D,30000,LOG_NORMAL,3,116,24.50,true
CLOSEST_PAIR_KDTREE,THREE_D,30000,LOG_NORMAL,1,162,19.00,true
CLOSEST_PAIR_KDTREE,THREE_D,30000,LOG_NORMAL,2,155,50.00,true
CLOSEST_PAIR_KDTREE,THREE_D,30000,LOG_NORMAL,3,156,14.00,true
CLOSEST_PAIR_ADAPTIVE,TWO_D,30000,LOG_NORMAL,1,116,2.50,true
CLOSEST_PAIR_ADAPTIVE,TWO_D,30000,LOG_NORMAL,2,117,34.49,true
CLOSEST_PAIR_ADAPTIVE,TWO_D,30000,LOG_NORMAL,3,116,28.50,true
CLOSEST_PAIR_ADAPTIVE,THREE_D,30000,LOG_NORMAL,1,155,45.00,true
CLOSEST_PAIR_ADAPTIVE,THREE_D,30000,LOG_NORMAL,2,155,15.00,true
CLOSEST_PAIR_ADAPTIVE,THREE_D,30000,LOG_NORMAL,3,155,52.50,true
DIAMETER_NAIVE,TWO_D,30000,LOG_NORMAL,1,6519,0.73,true
DIAMETER_NAIVE,TWO_D,30000,LOG_NORMAL,2,6518,0.59,true
DIAMETER_NAIVE,TWO_D,30000,LOG_NORMAL,3,6515,0.63,true
DIAMETER_NAIVE,THREE_D,30000,LOG_NORMAL,1,490,0.40,false
DIAMETER_NAIVE,THREE_D,30000,LOG_NORMAL,2,490,0.43,false
DIAMETER_NAIVE,THREE_D,30000,LOG_NORMAL,3,491,0.40,false
DIAMETER_CONCURRENT,TWO_D,30000,LOG_NORMAL,1,8335,1.33,true
DIAMETER_CONCURRENT,TWO_D,30000,LOG_NORMAL,2,8417,1.36,true
DIAMETER_CONCURRENT,TWO_D,30000,LOG_NORMAL,3,8382,1.13,true
DIAMETER_CONCURRENT,THREE_D,30000,LOG_NORMAL,1,287,0.93,false
DIAMETER_CONCURRENT,THREE_D,30000,LOG_NORMAL,2,292,1.20,false
DIAMETER_CONCURRENT,THREE_D,30000,LOG_NORMAL,3,304,0.93,false
DIAMETER_QUICKHULL,TWO_D,30000,LOG_NORMAL,1,1,1.45,true
DIAMETER_QUICKHULL,TWO_D,30000,LOG_NORMAL,2,1,1.45,true
DIAMETER_QUICKHULL,TWO_D,30000,LOG_NORMAL,3,1,1.43,true
DIAMETER_QUICKHULL,THREE_D,30000,LOG_NORMAL,1,2,3.99,true
DIAMETER_QUICKHULL,THREE_D,30000,LOG_NORMAL,2,2,3.99,true
DIAMETER_QUICKHULL,THREE_D,30000,LOG_NORMAL,3,2,4.00,true
CLOSEST_PAIR_NAIVE,TWO_D,30000,RAYLEIGH,1,6357,0.73,true
CLOSEST_PAIR_NAIVE,TWO_D,30000,RAYLEIGH,2,6460,0.51,true
CLOSEST_PAIR_NAIVE,TWO_D,30000,RAYLEIGH,3,6362,0.51,true
CLOSEST_PAIR_NAIVE,THREE_D,30000,RAYLEIGH,1,582,0.35,true
CLOSEST_PAIR_NAIVE,THREE_D,30000,RAYLEIGH,2,580,0.32,true
CLOSEST_PAIR_NAIVE,THREE_D,30000,RAYLEIGH,3,580,0.35,true
CLOSEST_PAIR_EFFICIENT,TWO_D,30000,RAYLEIGH,1,14,8.24,true
CLOSEST_PAIR_EFFICIENT,TWO_D,30000,RAYLEIGH,2,14,8.36,true
CLOSEST_PAIR_EFFICIENT,TWO_D,30000,RAYLEIGH,3,14,8.36,true
CLOSEST_PAIR_EFFICIENT,THREE_D,30000,RAYLEIGH,1,21,15.54,true
CLOSEST_PAIR_EFFICIENT,THREE_D,30000,RAYLEIGH,2,23,15.48,true
CLOSEST_PAIR_EFFICIENT,THREE_D,30000,RAYLEIGH,3,21,15.72,true
CLOSEST_PAIR_KDTREE,TWO_D,30000,RAYLEIGH,1,128,11.50,true
CLOSEST_PAIR_KDTREE,TWO_D,30000,RAYLEIGH,2,117,38.50,true
CLOSEST_PAIR_KDTREE,TWO_D,30000,RAYLEIGH,3,117,2.50,true
CLOSEST_PAIR_KDTREE,THREE_D,30000,RAYLEIGH,1,159,62.00,true
CLOSEST_PAIR_KDTREE,THREE_D,30000,RAYLEIGH,2,156,23.00,true
CLOSEST_PAIR_KDTREE,THREE_D,30000,RAYLEIGH,3,155,6.00,true
CLOSEST_PAIR_ADAPTIVE,TWO_D,30000,RAYLEIGH,1,117,7.50,true
CLOSEST_PAIR_ADAPTIVE,TWO_D,30000,RAYLEIGH,2,118,26.50,true
CLOSEST_PAIR_ADAPTIVE,TWO_D,30000,RAYLEIGH,3,117,3.50,true
CLOSEST_PAIR_ADAPTIVE,THREE_D,30000,RAYLEIGH,1,158,70.00,true
CLOSEST_PAIR_ADAPTIVE,THREE_D,30000,RAYLEIGH,2,154,4.00,true
CLOSEST_PAIR_ADAPTIVE,THREE_D,30000,RAYLEIGH,3,155,63.99,true
DIAMETER_NAIVE,TWO_D,30000,RAYLEIGH,1,6659,0.73,true
DIAMETER_NAIVE,TWO_D,30000,RAYLEIGH,2,6646,0.59,true
DIAMETER_NAIVE,TWO_D,30000,RAYLEIGH,3,6652,0.63,true
DIAMETER_NAIVE,THREE_D,30000,RAYLEIGH,1,592,0.40,false
DIAMETER_NAIVE,THREE_D,30000,RAYLEIGH,2,591,0.43,false
DIAMETER_NAIVE,THREE_D,30000,RAYLEIGH,3,598,0.43,false
DIAMETER_CONCURRENT,TWO_D,30000,RAYLEIGH,1,8496,1.32,true
DIAMETER_CONCURRENT,TWO_D,30000,RAYLEIGH,2,8482,1.13,true
DIAMETER_CONCURRENT,TWO_D,30000,RAYLEIGH,3,8719,1.16,true
DIAMETER_CONCURRENT,THREE_D,30000,RAYLEIGH,1,351,0.93,false
DIAMETER_CONCURRENT,THREE_D,30000,RAYLEIGH,2,351,1.20,false
DIAMETER_CONCURRENT,THREE_D,30000,RAYLEIGH,3,365,0.93,false
DIAMETER_QUICKHULL,TWO_D,30000,RAYLEIGH,1,1,1.89,true
DIAMETER_QUICKHULL,TWO_D,30000,RAYLEIGH,2,1,1.82,true
DIAMETER_QUICKHULL,TWO_D,30000,RAYLEIGH,3,1,1.93,true
DIAMETER_QUICKHULL,THREE_D,30000,RAYLEIGH,1,3,3.89,true
DIAMETER_QUICKHULL,THREE_D,30000,RAYLEIGH,2,2,3.93,true
DIAMETER_QUICKHULL,THREE_D,30000,RAYLEIGH,3,2,3.99,true
CLOSEST_PAIR_NAIVE,TWO_D,40000,UNIFORM,1,12083,0.89,true
CLOSEST_PAIR_NAIVE,TWO_D,40000,UNIFORM,2,11650,0.74,true
CLOSEST_PAIR_NAIVE,TWO_D,40000,UNIFORM,3,11664,0.75,true
CLOSEST_PAIR_NAIVE,THREE_D,40000,UNIFORM,1,1040,0.39,true
CLOSEST_PAIR_NAIVE,THREE_D,40000,UNIFORM,2,1041,0.39,true
CLOSEST_PAIR_NAIVE,THREE_D,40000,UNIFORM,3,1040,0.39,true
CLOSEST_PAIR_EFFICIENT,TWO_D,40000,UNIFORM,1,20,11.13,true
CLOSEST_PAIR_EFFICIENT,TWO_D,40000,UNIFORM,2,19,11.00,true
CLOSEST_PAIR_EFFICIENT,TWO_D,40000,UNIFORM,3,19,11.38,true
CLOSEST_PAIR_EFFICIENT,THREE_D,40000,UNIFORM,1,32,4.28,true
CLOSEST_PAIR_EFFICIENT,THREE_D,40000,UNIFORM,2,31,4.19,true
CLOSEST_PAIR_EFFICIENT,THREE_D,40000,UNIFORM,3,31,3.75,true
CLOSEST_PAIR_KDTREE,TWO_D,40000,UNIFORM,1,182,30.35,true
CLOSEST_PAIR_KDTREE,TWO_D,40000,UNIFORM,2,167,37.36,true
CLOSEST_PAIR_KDTREE,TWO_D,40000,UNIFORM,3,168,3.36,true
CLOSEST_PAIR_KDTREE,THREE_D,40000,UNIFORM,1,219,69.90,true
CLOSEST_PAIR_KDTREE,THREE_D,40000,UNIFORM,2,217,60.74,true
CLOSEST_PAIR_KDTREE,THREE_D,40000,UNIFORM,3,216,49.74,true
CLOSEST_PAIR_ADAPTIVE,TWO_D,40000,UNIFORM,1,10,3.50,true
CLOSEST_PAIR_ADAPTIVE,TWO_D,40000,UNIFORM,2,8,3.44,true
CLOSEST_PAIR_ADAPTIVE,TWO_D,40000,UNIFORM,3,8,3.44,true
CLOSEST_PAIR_ADAPTIVE,THREE_D,40000,UNIFORM,1,221,59.74,true
CLOSEST_PAIR_ADAPTIVE,THREE_D,40000,UNIFORM,2,216,41.83,true
CLOSEST_PAIR_ADAPTIVE,THREE_D,40000,UNIFORM,3,217,37.74,true
DIAMETER_NAIVE,TWO_D,40000,UNIFORM,1,12223,0.89,true
DIAMETER_NAIVE,TWO_D,40000,UNIFORM,2,12288,0.89,true
DIAMETER_NAIVE,TWO_D,40000,UNIFORM,3,12233,0.87,true
DIAMETER_NAIVE,THREE_D,40000,UNIFORM,1,1067,0.51,false
DIAMETER_NAIVE,THREE_D,40000,UNIFORM,2,1066,0.51,false
DIAMETER_NAIVE,THREE_D,40000,UNIFORM,3,1065,0.54,false
DIAMETER_CONCURRENT,TWO_D,40000,UNIFORM,1,15581,1.61,true
DIAMETER_CONCURRENT,TWO_D,40000,UNIFORM,2,15677,1.64,true
DIAMETER_CONCURRENT,TWO_D,40000,UNIFORM,3,15909,1.60,true
DIAMETER_CONCURRENT,THREE_D,40000,UNIFORM,1,617,1.00,false
DIAMETER_CONCURRENT,THREE_D,40000,UNIFORM,2,648,1.00,false
DIAMETER_CONCURRENT,THREE_D,40000,UNIFORM,3,651,1.00,false
DIAMETER_QUICKHULL,TWO_D,40000,UNIFORM,1,2,3.24,true
DIAMETER_QUICKHULL,TWO_D,40000,UNIFORM,2,1,3.00,true
DIAMETER_QUICKHULL,TWO_D,40000,UNIFORM,3,1,3.48,true
DIAMETER_QUICKHULL,THREE_D,40000,UNIFORM,1,5,5.57,true
DIAMETER_QUICKHULL,THREE_D,40000,UNIFORM,2,4,5.59,true
DIAMETER_QUICKHULL,THREE_D,40000,UNIFORM,3,4,5.63,true
CLOSEST_PAIR_NAIVE,TWO_D,40000,GAUSSIAN,1,11132,0.86,true
CLOSEST_PAIR_NAIVE,TWO_D,40000,GAUSSIAN,2,11136,0.70,true
CLOSEST_PAIR_NAIVE,TWO_D,40000,GAUSSIAN,3,11135,0.71,true
CLOSEST_PAIR_NAIVE,THREE_D,40000,GAUSSIAN,1,933,0.37,true
CLOSEST_PAIR_NAIVE,THREE_D,40000,GAUSSIAN,2,934,0.37,true
CLOSEST_PAIR_NAIVE,THREE_D,40000,GAUSSIAN,3,934,0.37,true
CLOSEST_PAIR_EFFICIENT,TWO_D,40000,GAUSSIAN,1,19,10.94,true
CLOSEST_PAIR_EFFICIENT,TWO_D,40000,GAUSSIAN,2,19,11.00,true
CLOSEST_PAIR_EFFICIENT,TWO_D,40000,GAUSSIAN,3,19,11.13,true
CLOSEST_PAIR_EFFICIENT,THREE_D,40000,GAUSSIAN,1,30,2.71,true
CLOSEST_PAIR_EFFICIENT,THREE_D,40000,GAUSSIAN,2,30,3.18,true
CLOSEST_PAIR_EFFICIENT,THREE_D,40000,GAUSSIAN,3,30,2.80,true
CLOSEST_PAIR_KDTREE,TWO_D,40000,GAUSSIAN,1,182,63.33,true
CLOSEST_PAIR_KDTREE,TWO_D,40000,GAUSSIAN,2,171,46.86,true
CLOSEST_PAIR_KDTREE,TWO_D,40000,GAUSSIAN,3,171,39.86,true
CLOSEST_PAIR_KDTREE,THREE_D,40000,GAUSSIAN,1,232,36.74,true
CLOSEST_PAIR_KDTREE,THREE_D,40000,GAUSSIAN,2,229,5.74,true
CLOSEST_PAIR_KDTREE,THREE_D,40000,GAUSSIAN,3,228,53.74,true
CLOSEST_PAIR_ADAPTIVE,TWO_D,40000,GAUSSIAN,1,171,25.86,true
CLOSEST_PAIR_ADAPTIVE,TWO_D,40000,GAUSSIAN,2,171,2.86,true
CLOSEST_PAIR_ADAPTIVE,TWO_D,40000,GAUSSIAN,3,169,53.84,true
CLOSEST_PAIR_ADAPTIVE,THREE_D,40000,GAUSSIAN,1,230,45.74,true
CLOSEST_PAIR_ADAPTIVE,THREE_D,40000,GAUSSIAN,2,230,17.74,true
CLOSEST_PAIR_ADAPTIVE,THREE_D,40000,GAUSSIAN,3,233,63.74,true
DIAMETER_NAIVE,TWO_D,40000,GAUSSIAN,1,11789,0.89,true
DIAMETER_NAIVE,TWO_D,40000,GAUSSIAN,2,11674,0.89,true
DIAMETER_NAIVE,TWO_D,40000,GAUSSIAN,3,11685,0.84,true
DIAMETER_NAIVE,THREE_D,40000,GAUSSIAN,1,915,0.52,false
DIAMETER_NAIVE,THREE_D,40000,GAUSSIAN,2,915,0.52,false
DIAMETER_NAIVE,THREE_D,40000,GAUSSIAN,3,919,0.51,false
DIAMETER_CONCURRENT,TWO_D,40000,GAUSSIAN,1,14876,1.62,true
DIAMETER_CONCURRENT,TWO_D,40000,GAUSSIAN,2,15005,1.61,true
DIAMETER_CONCURRENT,TWO_D,40000,GAUSSIAN,3,15267,1.60,true
DIAMETER_CONCURRENT,THREE_D,40000,GAUSSIAN,1,539,1.00,false
DIAMETER_CONCURRENT,THREE_D,40000,GAUSSIAN,2,556,1.00,false
DIAMETER_CONCURRENT,THREE_D,40000,GAUSSIAN,3,566,1.00,false
DIAMETER_QUICKHULL,TWO_D,40000,GAUSSIAN,1,1,2.00,true
DIAMETER_QUICKHULL,TWO_D,40000,GAUSSIAN,2,1,1.82,true
DIAMETER_QUICKHULL,TWO_D,40000,GAUSSIAN,3,1,1.98,true
DIAMETER_QUICKHULL,THREE_D,40000,GAUSSIAN,1,3,5.00,true
DIAMETER_QUICKHULL,THREE_D,40000,GAUSSIAN,2,2,5.00,true
DIAMETER_QUICKHULL,THREE_D,40000,GAUSSIAN,3,2,5.00,true
CLOSEST_PAIR_NAIVE,TWO_D,40000,EXPONENTIAL,1,10599,0.83,true
CLOSEST_PAIR_NAIVE,TWO_D,40000,EXPONENTIAL,2,10759,0.72,true
CLOSEST_PAIR_NAIVE,TWO_D,40000,EXPONENTIAL,3,10596,0.85,true
CLOSEST_PAIR_NAIVE,THREE_D,40000,EXPONENTIAL,1,890,0.33,false
CLOSEST_PAIR_NAIVE,THREE_D,40000,EXPONENTIAL,2,891,0.36,false
CLOSEST_PAIR_NAIVE,THREE_D,40000,EXPONENTIAL,3,891,0.36,false
CLOSEST_PAIR_EFFICIENT,TWO_D,40000,EXPONENTIAL,1,19,10.85,true
CLOSEST_PAIR_EFFICIENT,TWO_D,40000,EXPONENTIAL,2,18,11.21,true
CLOSEST_PAIR_EFFICIENT,TWO_D,40000,EXPONENTIAL,3,18,11.00,true
CLOSEST_PAIR_EFFICIENT,THREE_D,40000,EXPONENTIAL,1,34,19.42,true
CLOSEST_PAIR_EFFICIENT,THREE_D,40000,EXPONENTIAL,2,27,19.42,true
CLOSEST_PAIR_EFFICIENT,THREE_D,40000,EXPONENTIAL,3,27,19.42,true
CLOSEST_PAIR_KDTREE,TWO_D,40000,EXPONENTIAL,1,188,58.36,true
CLOSEST_PAIR_KDTREE,TWO_D,40000,EXPONENTIAL,2,171,22.86,true
CLOSEST_PAIR_KDTREE,TWO_D,40000,EXPONENTIAL,3,166,22.36,true
CLOSEST_PAIR_KDTREE,THREE_D,40000,EXPONENTIAL,1,223,42.87,false
CLOSEST_PAIR_KDTREE,THREE_D,40000,EXPONENTIAL,2,228,5.74,false
CLOSEST_PAIR_KDTREE,THREE_D,40000,EXPONENTIAL,3,228,45.82,false
CLOSEST_PAIR_ADAPTIVE,TWO_D,40000,EXPONENTIAL,1,167,14.74,true
CLOSEST_PAIR_ADAPTIVE,TWO_D,40000,EXPONENTIAL,2,170,60.85,true
CLOSEST_PAIR_ADAPTIVE,TWO_D,40000,EXPONENTIAL,3,167,20.74,true
CLOSEST_PAIR_ADAPTIVE,THREE_D,40000,EXPONENTIAL,1,225,34.74,false
CLOSEST_PAIR_ADAPTIVE,THREE_D,40000,EXPONENTIAL,2,225,55.74,false
CLOSEST_PAIR_ADAPTIVE,THREE_D,40000,EXPONENTIAL,3,224,18.82,false
DIAMETER_NAIVE,TWO_D,40000,EXPONENTIAL,1,11303,0.85,true
DIAMETER_NAIVE,TWO_D,40000,EXPONENTIAL,2,11213,0.83,true
DIAMETER_NAIVE,TWO_D,40000,EXPONENTIAL,3,11233,0.83,true
DIAMETER_NAIVE,THREE_D,40000,EXPONENTIAL,1,844,0.52,false
DIAMETER_NAIVE,THREE_D,40000,EXPONENTIAL,2,851,0.52,false
DIAMETER_NAIVE,THREE_D,40000,EXPONENTIAL,3,843,0.52,false
DIAMETER_CONCURRENT,TWO_D,40000,EXPONENTIAL,1,14206,1.43,true
DIAMETER_CONCURRENT,TWO_D,40000,EXPONENTIAL,2,14345,1.57,true
DIAMETER_CONCURRENT,TWO_D,40000,EXPONENTIAL,3,14644,1.60,true
DIAMETER_CONCURRENT,THREE_D,40000,EXPONENTIAL,1,504,1.00,false
DIAMETER_CONCURRENT,THREE_D,40000,EXPONENTIAL,2,538,1.24,false
DIAMETER_CONCURRENT,THREE_D,40000,EXPONENTIAL,3,551,1.00,false
DIAMETER_QUICKHULL,TWO_D,40000,EXPONENTIAL,1,2,2.81,true
DIAMETER_QUICKHULL,TWO_D,40000,EXPONENTIAL,2,1,2.33,true
DIAMETER_QUICKHULL,TWO_D,40000,EXPONENTIAL,3,1,2.33,true
DIAMETER_QUICKHULL,THREE_D,40000,EXPONENTIAL,1,6,5.00,true
DIAMETER_QUICKHULL,THREE_D,40000,EXPONENTIAL,2,3,5.00,true
DIAMETER_QUICKHULL,THREE_D,40000,EXPONENTIAL,3,3,5.00,true
CLOSEST_PAIR_NAIVE,TWO_D,40000,LOG_NORMAL,1,10961,0.82,true
CLOSEST_PAIR_NAIVE,TWO_D,40000,LOG_NORMAL,2,11172,0.72,true
CLOSEST_PAIR_NAIVE,TWO_D,40000,LOG_NORMAL,3,10980,0.67,true
CLOSEST_PAIR_NAIVE,THREE_D,40000,LOG_NORMAL,1,883,0.37,false
CLOSEST_PAIR_NAIVE,THREE_D,40000,LOG_NORMAL,2,881,0.37,false
CLOSEST_PAIR_NAIVE,THREE_D,40000,LOG_NORMAL,3,881,0.37,false
CLOSEST_PAIR_EFFICIENT,TWO_D,40000,LOG_NORMAL,1,20,11.00,true
CLOSEST_PAIR_EFFICIENT,TWO_D,40000,LOG_NORMAL,2,18,11.20,true
CLOSEST_PAIR_EFFICIENT,TWO_D,40000,LOG_NORMAL,3,18,11.21,true
CLOSEST_PAIR_EFFICIENT,THREE_D,40000,LOG_NORMAL,1,29,19.67,true
CLOSEST_PAIR_EFFICIENT,THREE_D,40000,LOG_NORMAL,2,28,19.95,true
CLOSEST_PAIR_EFFICIENT,THREE_D,40000,LOG_NORMAL,3,29,20.00,true
CLOSEST_PAIR_KDTREE,TWO_D,40000,LOG_NORMAL,1,177,39.86,true
CLOSEST_PAIR_KDTREE,TWO_D,40000,LOG_NORMAL,2,168,40.36,true
CLOSEST_PAIR_KDTREE,TWO_D,40000,LOG_NORMAL,3,165,40.36,true
CLOSEST_PAIR_KDTREE,THREE_D,40000,LOG_NORMAL,1,220,53.74,false
CLOSEST_PAIR_KDTREE,THREE_D,40000,LOG_NORMAL,2,219,3.74,false
CLOSEST_PAIR_KDTREE,THREE_D,40000,LOG_NORMAL,3,221,27.82,false
CLOSEST_PAIR_ADAPTIVE,TWO_D,40000,LOG_NORMAL,1,166,3.24,true
CLOSEST_PAIR_ADAPTIVE,TWO_D,40000,LOG_NORMAL,2,164,56.34,true
CLOSEST_PAIR_ADAPTIVE,TWO_D,40000,LOG_NORMAL,3,166,43.36,true
CLOSEST_PAIR_ADAPTIVE,THREE_D,40000,LOG_NORMAL,1,219,62.74,false
CLOSEST_PAIR_ADAPTIVE,THREE_D,40000,LOG_NORMAL,2,220,11.74,false
CLOSEST_PAIR_ADAPTIVE,THREE_D,40000,LOG_NORMAL,3,220,29.74,false
DIAMETER_NAIVE,TWO_D,40000,LOG_NORMAL,1,11696,0.85,true
DIAMETER_NAIVE,TWO_D,40000,LOG_NORMAL,2,11538,0.85,true
DIAMETER_NAIVE,TWO_D,40000,LOG_NORMAL,3,11500,0.82,true
DIAMETER_NAIVE,THREE_D,40000,LOG_NORMAL,1,832,0.50,false
DIAMETER_NAIVE,THREE_D,40000,LOG_NORMAL,2,829,0.50,false
DIAMETER_NAIVE,THREE_D,40000,LOG_NORMAL,3,829,0.50,false
DIAMETER_CONCURRENT,TWO_D,40000,LOG_NORMAL,1,14689,1.43,true
DIAMETER_CONCURRENT,TWO_D,40000,LOG_NORMAL,2,15236,1.62,true
DIAMETER_CONCURRENT,TWO_D,40000,LOG_NORMAL,3,15246,1.59,true
DIAMETER_CONCURRENT,THREE_D,40000,LOG_NORMAL,1,527,1.00,false
DIAMETER_CONCURRENT,THREE_D,40000,LOG_NORMAL,2,531,1.24,false
DIAMETER_CONCURRENT,THREE_D,40000,LOG_NORMAL,3,535,1.00,false
DIAMETER_QUICKHULL,TWO_D,40000,LOG_NORMAL,1,2,2.95,true
DIAMETER_QUICKHULL,TWO_D,40000,LOG_NORMAL,2,1,2.71,true
DIAMETER_QUICKHULL,TWO_D,40000,LOG_NORMAL,3,1,2.71,true
DIAMETER_QUICKHULL,THREE_D,40000,LOG_NORMAL,1,4,5.00,true
DIAMETER_QUICKHULL,THREE_D,40000,LOG_NORMAL,2,3,5.00,true
DIAMETER_QUICKHULL,THREE_D,40000,LOG_NORMAL,3,3,5.00,true
CLOSEST_PAIR_NAIVE,TWO_D,40000,RAYLEIGH,1,11245,0.85,true
CLOSEST_PAIR_NAIVE,TWO_D,40000,RAYLEIGH,2,11242,0.67,true
CLOSEST_PAIR_NAIVE,TWO_D,40000,RAYLEIGH,3,11242,0.68,true
CLOSEST_PAIR_NAIVE,THREE_D,40000,RAYLEIGH,1,895,0.35,true
CLOSEST_PAIR_NAIVE,THREE_D,40000,RAYLEIGH,2,894,0.35,true
CLOSEST_PAIR_NAIVE,THREE_D,40000,RAYLEIGH,3,894,0.35,true
CLOSEST_PAIR_EFFICIENT,TWO_D,40000,RAYLEIGH,1,19,10.98,true
CLOSEST_PAIR_EFFICIENT,TWO_D,40000,RAYLEIGH,2,19,11.21,true
CLOSEST_PAIR_EFFICIENT,TWO_D,40000,RAYLEIGH,3,19,10.70,true
CLOSEST_PAIR_EFFICIENT,THREE_D,40000,RAYLEIGH,1,29,20.42,true
CLOSEST_PAIR_EFFICIENT,THREE_D,40000,RAYLEIGH,2,29,20.42,true
CLOSEST_PAIR_EFFICIENT,THREE_D,40000,RAYLEIGH,3,29,20.14,true
CLOSEST_PAIR_KDTREE,TWO_D,40000,RAYLEIGH,1,181,36.86,true
CLOSEST_PAIR_KDTREE,TWO_D,40000,RAYLEIGH,2,164,32.86,true
CLOSEST_PAIR_KDTREE,TWO_D,40000,RAYLEIGH,3,164,34.36,true
CLOSEST_PAIR_KDTREE,THREE_D,40000,RAYLEIGH,1,221,5.24,true
CLOSEST_PAIR_KDTREE,THREE_D,40000,RAYLEIGH,2,223,61.24,true
CLOSEST_PAIR_KDTREE,THREE_D,40000,RAYLEIGH,3,220,31.24,true
CLOSEST_PAIR_ADAPTIVE,TWO_D,40000,RAYLEIGH,1,165,10.36,true
CLOSEST_PAIR_ADAPTIVE,TWO_D,40000,RAYLEIGH,2,166,69.34,true
CLOSEST_PAIR_ADAPTIVE,TWO_D,40000,RAYLEIGH,3,166,40.36,true
CLOSEST_PAIR_ADAPTIVE,THREE_D,40000,RAYLEIGH,1,220,5.24,true
CLOSEST_PAIR_ADAPTIVE,THREE_D,40000,RAYLEIGH,2,223,21.41,true
CLOSEST_PAIR_ADAPTIVE,THREE_D,40000,RAYLEIGH,3,219,32.37,true
DIAMETER_NAIVE,TWO_D,40000,RAYLEIGH,1,11887,0.89,true
DIAMETER_NAIVE,TWO_D,40000,RAYLEIGH,2,11880,0.86,true
DIAMETER_NAIVE,TWO_D,40000,RAYLEIGH,3,11782,0.86,true
DIAMETER_NAIVE,THREE_D,40000,RAYLEIGH,1,858,0.52,false
DIAMETER_NAIVE,THREE_D,40000,RAYLEIGH,2,863,0.48,false
DIAMETER_NAIVE,THREE_D,40000,RAYLEIGH,3,859,0.52,false
DIAMETER_CONCURRENT,TWO_D,40000,RAYLEIGH,1,15092,2.11,true
DIAMETER_CONCURRENT,TWO_D,40000,RAYLEIGH,2,15287,1.63,true
DIAMETER_CONCURRENT,TWO_D,40000,RAYLEIGH,3,15282,1.60,true
DIAMETER_CONCURRENT,THREE_D,40000,RAYLEIGH,1,535,1.00,false
DIAMETER_CONCURRENT,THREE_D,40000,RAYLEIGH,2,540,1.24,false
DIAMETER_CONCURRENT,THREE_D,40000,RAYLEIGH,3,555,1.00,false
DIAMETER_QUICKHULL,TWO_D,40000,RAYLEIGH,1,2,2.96,true
DIAMETER_QUICKHULL,TWO_D,40000,RAYLEIGH,2,1,2.96,true
DIAMETER_QUICKHULL,TWO_D,40000,RAYLEIGH,3,1,2.24,true
DIAMETER_QUICKHULL,THREE_D,40000,RAYLEIGH,1,4,5.00,true
DIAMETER_QUICKHULL,THREE_D,40000,RAYLEIGH,2,3,5.00,true
DIAMETER_QUICKHULL,THREE_D,40000,RAYLEIGH,3,3,5.00,true
